playerID,season,total_contributions
-1.0,2014,595
-1.0,2015,584
-1.0,2016,670
-1.0,2017,617
-1.0,2018,685
-1.0,2019,655
-1.0,2020,757
3.0,2015,1
3.0,2020,2
4.0,2015,7
4.0,2016,2
6.0,2015,1
6.0,2016,1
7.0,2015,1
8.0,2016,4
9.0,2015,3
11.0,2015,6
11.0,2016,5
11.0,2017,4
12.0,2014,1
12.0,2015,1
12.0,2016,4
13.0,2015,5
15.0,2014,1
16.0,2015,1
18.0,2014,1
18.0,2015,2
21.0,2014,1
21.0,2015,1
22.0,2014,1
22.0,2015,2
22.0,2016,2
22.0,2018,3
22.0,2019,1
22.0,2020,2
23.0,2014,1
23.0,2015,1
23.0,2016,3
23.0,2017,3
23.0,2018,1
23.0,2019,3
23.0,2020,1
24.0,2015,1
25.0,2015,1
25.0,2018,1
26.0,2014,2
26.0,2015,2
26.0,2016,2
26.0,2017,6
26.0,2018,4
27.0,2014,5
27.0,2015,1
27.0,2016,2
28.0,2017,2
28.0,2020,1
29.0,2014,1
29.0,2015,1
29.0,2016,5
29.0,2017,4
29.0,2018,1
29.0,2019,1
30.0,2014,1
32.0,2014,2
32.0,2016,2
34.0,2015,1
38.0,2015,1
38.0,2016,2
38.0,2017,2
38.0,2018,3
38.0,2019,5
38.0,2020,3
39.0,2014,2
39.0,2016,1
40.0,2014,3
40.0,2015,1
40.0,2016,5
40.0,2017,1
40.0,2020,2
41.0,2014,1
41.0,2016,1
42.0,2018,1
42.0,2019,1
42.0,2020,2
43.0,2015,1
43.0,2018,1
44.0,2016,3
44.0,2017,3
44.0,2019,2
45.0,2014,1
45.0,2015,2
45.0,2016,8
45.0,2017,1
45.0,2018,1
46.0,2014,1
46.0,2016,2
47.0,2015,2
47.0,2016,2
47.0,2017,1
47.0,2020,1
48.0,2015,1
48.0,2016,1
48.0,2019,1
48.0,2020,1
49.0,2016,1
52.0,2016,1
52.0,2017,1
52.0,2018,2
52.0,2020,1
56.0,2014,1
57.0,2015,1
58.0,2014,1
58.0,2015,3
59.0,2018,3
60.0,2014,3
60.0,2019,1
61.0,2015,1
62.0,2014,1
62.0,2015,1
62.0,2016,1
62.0,2017,1
63.0,2014,1
63.0,2015,2
63.0,2017,2
64.0,2014,3
64.0,2015,3
64.0,2016,1
64.0,2017,1
64.0,2019,6
64.0,2020,6
65.0,2015,2
65.0,2016,5
65.0,2017,4
65.0,2018,1
65.0,2019,5
65.0,2020,1
71.0,2018,1
74.0,2017,1
74.0,2018,1
74.0,2019,1
75.0,2014,1
75.0,2015,1
75.0,2016,1
75.0,2017,2
75.0,2018,1
75.0,2020,1
76.0,2015,1
76.0,2017,4
76.0,2018,2
76.0,2019,1
76.0,2020,1
79.0,2016,1
79.0,2018,2
80.0,2014,2
80.0,2017,5
80.0,2018,1
81.0,2014,5
81.0,2016,2
81.0,2018,4
81.0,2019,1
82.0,2015,2
82.0,2020,4
83.0,2015,3
83.0,2016,2
83.0,2017,1
83.0,2018,2
83.0,2019,2
83.0,2020,4
84.0,2014,1
84.0,2016,1
84.0,2018,1
84.0,2019,2
84.0,2020,1
85.0,2014,2
86.0,2014,2
87.0,2019,1
87.0,2020,2
88.0,2015,1
88.0,2016,1
88.0,2017,2
88.0,2019,4
90.0,2014,2
90.0,2015,1
90.0,2016,3
90.0,2017,3
90.0,2019,1
93.0,2014,2
93.0,2015,2
93.0,2017,5
93.0,2020,3
94.0,2014,1
94.0,2015,2
95.0,2015,1
96.0,2014,2
96.0,2015,1
96.0,2017,5
96.0,2018,2
96.0,2019,2
97.0,2014,1
98.0,2015,1
98.0,2019,1
99.0,2015,1
100.0,2018,1
101.0,2016,1
101.0,2018,3
101.0,2019,1
101.0,2020,1
103.0,2017,1
104.0,2014,1
104.0,2016,3
105.0,2015,1
105.0,2016,1
105.0,2018,3
106.0,2018,1
106.0,2020,1
110.0,2014,3
110.0,2016,4
110.0,2017,3
110.0,2018,1
110.0,2019,1
111.0,2014,1
111.0,2015,2
111.0,2016,4
111.0,2017,3
111.0,2019,1
111.0,2020,3
112.0,2015,1
112.0,2018,1
113.0,2015,1
114.0,2015,1
114.0,2016,1
115.0,2014,1
115.0,2015,1
115.0,2017,1
116.0,2015,2
116.0,2016,1
118.0,2016,2
118.0,2017,1
119.0,2014,1
119.0,2015,3
119.0,2018,1
119.0,2019,1
122.0,2015,8
122.0,2016,1
123.0,2014,4
125.0,2017,1
129.0,2015,2
129.0,2018,1
130.0,2014,1
130.0,2015,3
131.0,2015,1
131.0,2016,1
131.0,2017,1
131.0,2019,2
131.0,2020,1
132.0,2014,5
133.0,2017,1
134.0,2015,2
134.0,2016,1
134.0,2017,1
134.0,2019,2
135.0,2017,3
135.0,2018,1
137.0,2014,2
137.0,2015,3
137.0,2016,7
138.0,2017,1
140.0,2018,1
140.0,2019,1
144.0,2016,1
144.0,2017,1
147.0,2014,6
147.0,2015,1
147.0,2017,6
147.0,2018,1
147.0,2019,1
148.0,2015,1
148.0,2016,1
148.0,2017,1
148.0,2018,1
148.0,2019,1
148.0,2020,3
149.0,2014,1
150.0,2015,2
150.0,2017,1
150.0,2018,2
151.0,2015,1
152.0,2016,1
152.0,2018,1
152.0,2019,1
152.0,2020,1
153.0,2016,2
153.0,2018,4
153.0,2019,6
153.0,2020,4
154.0,2015,2
154.0,2016,2
154.0,2017,1
155.0,2014,6
155.0,2015,1
155.0,2016,4
155.0,2017,4
155.0,2018,4
155.0,2020,6
157.0,2017,9
157.0,2018,5
157.0,2019,2
157.0,2020,4
158.0,2014,1
158.0,2015,2
158.0,2019,1
158.0,2020,2
161.0,2014,2
161.0,2015,1
161.0,2016,1
161.0,2017,2
161.0,2018,3
161.0,2019,1
161.0,2020,1
162.0,2014,1
162.0,2015,2
164.0,2014,1
164.0,2015,1
165.0,2014,1
165.0,2015,1
166.0,2015,1
169.0,2014,1
169.0,2015,1
170.0,2014,1
170.0,2015,2
170.0,2016,4
170.0,2017,1
171.0,2015,2
171.0,2016,1
171.0,2017,3
171.0,2018,2
172.0,2015,2
173.0,2015,3
174.0,2015,2
174.0,2017,2
177.0,2016,2
183.0,2016,1
183.0,2017,1
183.0,2018,3
183.0,2019,1
183.0,2020,1
184.0,2014,1
184.0,2015,1
184.0,2016,1
184.0,2017,1
184.0,2020,2
185.0,2016,1
185.0,2017,2
185.0,2018,1
186.0,2014,1
186.0,2015,3
186.0,2016,1
187.0,2016,1
187.0,2017,1
187.0,2018,1
188.0,2015,2
188.0,2017,1
189.0,2014,2
189.0,2015,3
189.0,2016,4
189.0,2017,4
189.0,2018,2
189.0,2019,2
189.0,2020,7
190.0,2014,3
190.0,2015,2
190.0,2016,2
191.0,2014,2
191.0,2015,2
191.0,2016,3
191.0,2017,1
191.0,2018,4
194.0,2014,1
194.0,2015,1
194.0,2016,1
194.0,2018,2
197.0,2014,3
197.0,2016,2
197.0,2017,1
200.0,2015,1
200.0,2016,2
201.0,2014,1
202.0,2014,1
204.0,2014,1
204.0,2015,3
204.0,2017,5
204.0,2018,2
204.0,2019,1
206.0,2016,1
206.0,2017,1
206.0,2019,1
208.0,2014,3
208.0,2015,3
208.0,2016,1
208.0,2019,3
208.0,2020,7
210.0,2015,4
210.0,2016,1
210.0,2017,3
212.0,2015,1
212.0,2017,3
212.0,2018,2
212.0,2019,1
212.0,2020,4
213.0,2014,3
213.0,2016,2
213.0,2017,7
213.0,2018,5
213.0,2019,2
213.0,2020,1
215.0,2014,1
216.0,2014,1
219.0,2017,2
220.0,2017,2
220.0,2018,1
220.0,2020,1
222.0,2014,3
222.0,2015,1
222.0,2016,1
222.0,2017,5
222.0,2018,1
222.0,2019,1
223.0,2015,1
223.0,2016,3
223.0,2017,2
223.0,2018,4
223.0,2019,6
223.0,2020,3
224.0,2014,3
224.0,2015,8
224.0,2016,1
224.0,2017,1
224.0,2018,2
224.0,2020,6
225.0,2016,1
225.0,2017,1
225.0,2018,3
226.0,2019,1
227.0,2014,1
227.0,2015,4
227.0,2016,10
227.0,2017,8
227.0,2018,5
227.0,2019,6
227.0,2020,12
228.0,2019,4
229.0,2016,2
229.0,2017,1
229.0,2018,1
230.0,2014,2
230.0,2015,1
230.0,2016,1
235.0,2016,2
236.0,2015,4
237.0,2015,1
237.0,2016,3
238.0,2015,1
238.0,2016,1
239.0,2015,3
239.0,2016,4
239.0,2017,2
239.0,2018,3
239.0,2019,3
239.0,2020,7
240.0,2016,4
241.0,2015,1
241.0,2017,1
242.0,2015,2
242.0,2016,2
243.0,2015,1
245.0,2015,1
248.0,2014,1
248.0,2017,1
249.0,2017,1
249.0,2018,2
251.0,2015,1
251.0,2016,3
251.0,2017,3
251.0,2019,3
252.0,2016,1
254.0,2015,1
254.0,2018,3
257.0,2020,1
260.0,2015,1
261.0,2017,2
261.0,2018,3
261.0,2019,1
262.0,2016,1
262.0,2019,1
262.0,2020,2
263.0,2014,1
264.0,2014,6
264.0,2015,6
264.0,2016,3
264.0,2017,2
265.0,2014,2
265.0,2017,1
266.0,2014,3
266.0,2015,1
267.0,2017,4
267.0,2018,1
267.0,2019,3
268.0,2015,2
268.0,2016,1
268.0,2017,1
269.0,2014,1
269.0,2015,1
269.0,2016,1
269.0,2018,1
269.0,2020,1
271.0,2014,3
271.0,2016,1
271.0,2017,1
272.0,2017,5
272.0,2018,1
273.0,2014,3
273.0,2015,1
276.0,2016,1
280.0,2014,2
282.0,2015,2
282.0,2016,2
283.0,2016,2
283.0,2017,1
283.0,2019,1
283.0,2020,1
285.0,2014,2
285.0,2016,2
285.0,2017,1
285.0,2018,2
285.0,2019,3
285.0,2020,1
287.0,2015,1
288.0,2014,1
288.0,2015,2
289.0,2014,3
289.0,2015,1
290.0,2016,1
290.0,2018,1
290.0,2020,1
291.0,2014,1
291.0,2015,1
293.0,2014,1
293.0,2015,3
293.0,2017,1
294.0,2017,1
294.0,2018,3
294.0,2019,3
299.0,2014,1
299.0,2015,2
300.0,2014,1
300.0,2015,7
300.0,2016,2
300.0,2017,3
300.0,2020,3
301.0,2014,9
301.0,2015,4
301.0,2016,3
301.0,2017,2
302.0,2015,1
303.0,2014,2
306.0,2016,4
306.0,2018,1
306.0,2019,2
307.0,2017,1
307.0,2018,1
308.0,2014,6
308.0,2015,4
308.0,2016,4
308.0,2017,1
310.0,2016,4
310.0,2018,1
311.0,2017,2
311.0,2019,2
312.0,2014,2
312.0,2017,2
312.0,2018,1
312.0,2019,1
313.0,2014,2
313.0,2019,1
314.0,2014,1
314.0,2015,1
314.0,2017,2
314.0,2018,2
314.0,2019,2
314.0,2020,3
315.0,2015,2
315.0,2016,1
315.0,2017,4
315.0,2018,2
315.0,2019,1
315.0,2020,4
316.0,2014,3
316.0,2016,2
316.0,2017,2
316.0,2018,4
316.0,2020,1
317.0,2014,2
317.0,2015,4
317.0,2017,2
317.0,2018,2
317.0,2019,1
317.0,2020,2
318.0,2014,2
318.0,2015,3
318.0,2016,5
318.0,2017,6
318.0,2018,6
318.0,2019,4
318.0,2020,2
319.0,2014,1
319.0,2015,1
319.0,2016,2
319.0,2018,4
319.0,2019,2
319.0,2020,4
320.0,2014,1
320.0,2017,1
320.0,2018,2
320.0,2019,2
320.0,2020,10
321.0,2015,1
321.0,2017,1
323.0,2019,1
323.0,2020,6
324.0,2014,1
324.0,2015,2
324.0,2016,1
326.0,2020,1
328.0,2014,1
328.0,2015,2
328.0,2017,2
329.0,2014,2
329.0,2017,1
329.0,2019,1
332.0,2014,1
332.0,2015,3
332.0,2016,1
332.0,2017,1
332.0,2018,1
332.0,2019,1
332.0,2020,2
333.0,2014,2
333.0,2015,1
333.0,2016,1
334.0,2014,1
334.0,2017,5
335.0,2016,1
335.0,2017,3
335.0,2018,2
335.0,2019,1
335.0,2020,1
336.0,2014,4
336.0,2015,5
336.0,2017,1
337.0,2017,4
337.0,2018,3
338.0,2015,1
338.0,2018,1
339.0,2014,5
339.0,2016,1
339.0,2017,3
339.0,2019,1
340.0,2015,3
340.0,2020,1
341.0,2014,4
341.0,2017,1
343.0,2015,1
346.0,2014,1
347.0,2018,4
347.0,2019,1
349.0,2014,1
349.0,2015,1
350.0,2017,2
354.0,2014,1
354.0,2015,1
356.0,2014,5
356.0,2015,2
356.0,2016,2
359.0,2014,1
359.0,2017,2
359.0,2019,2
360.0,2014,3
360.0,2016,4
360.0,2019,1
362.0,2015,9
368.0,2019,1
370.0,2019,2
370.0,2020,5
371.0,2014,1
371.0,2015,1
371.0,2016,1
371.0,2017,2
371.0,2018,3
371.0,2019,2
373.0,2014,2
373.0,2015,3
373.0,2016,2
373.0,2017,2
373.0,2018,1
373.0,2019,2
373.0,2020,5
379.0,2016,4
381.0,2014,3
383.0,2014,2
384.0,2015,1
386.0,2014,3
386.0,2017,1
387.0,2014,3
387.0,2015,3
387.0,2017,1
391.0,2018,1
391.0,2020,1
392.0,2014,4
392.0,2015,1
392.0,2017,3
393.0,2015,1
393.0,2016,2
393.0,2017,1
393.0,2019,1
394.0,2015,1
394.0,2018,1
396.0,2014,3
396.0,2015,4
396.0,2016,1
397.0,2014,3
397.0,2015,1
406.0,2015,2
407.0,2014,3
407.0,2015,2
407.0,2017,2
407.0,2018,1
409.0,2020,2
411.0,2014,2
411.0,2020,2
412.0,2014,1
412.0,2015,1
412.0,2016,1
412.0,2017,1
412.0,2018,2
412.0,2020,1
417.0,2016,1
417.0,2019,2
418.0,2015,2
418.0,2016,1
418.0,2017,2
418.0,2018,1
418.0,2019,1
419.0,2016,1
419.0,2019,1
420.0,2014,3
420.0,2018,1
420.0,2019,1
421.0,2014,1
421.0,2015,1
421.0,2017,2
421.0,2019,1
421.0,2020,1
422.0,2014,1
422.0,2015,1
422.0,2019,1
426.0,2014,1
426.0,2015,1
426.0,2017,1
427.0,2014,1
430.0,2015,1
430.0,2016,1
436.0,2019,3
447.0,2014,4
447.0,2015,3
447.0,2016,6
447.0,2017,2
447.0,2019,5
447.0,2020,4
448.0,2014,2
448.0,2015,1
448.0,2016,3
448.0,2017,3
448.0,2018,3
448.0,2020,1
451.0,2018,1
452.0,2017,1
453.0,2014,2
453.0,2017,1
453.0,2019,2
453.0,2020,5
454.0,2016,2
454.0,2017,2
454.0,2018,1
454.0,2019,1
456.0,2015,3
456.0,2017,1
456.0,2018,1
457.0,2015,1
458.0,2015,4
458.0,2016,2
458.0,2017,3
458.0,2018,1
458.0,2019,1
459.0,2015,2
459.0,2016,3
459.0,2018,1
460.0,2017,4
461.0,2015,4
461.0,2017,4
461.0,2018,5
461.0,2020,1
462.0,2017,2
462.0,2019,3
463.0,2015,1
463.0,2016,4
463.0,2017,1
463.0,2018,2
463.0,2019,1
464.0,2014,7
464.0,2017,6
464.0,2018,5
464.0,2019,2
465.0,2015,1
465.0,2016,6
465.0,2017,5
465.0,2018,6
465.0,2019,5
466.0,2016,1
468.0,2015,1
468.0,2016,4
468.0,2017,4
468.0,2018,6
468.0,2019,1
468.0,2020,5
475.0,2016,1
475.0,2017,1
475.0,2019,1
476.0,2015,1
478.0,2015,1
480.0,2014,1
480.0,2015,1
480.0,2016,3
480.0,2017,1
481.0,2015,1
481.0,2017,4
481.0,2018,1
482.0,2014,4
482.0,2015,1
482.0,2016,3
482.0,2017,4
482.0,2018,4
482.0,2019,3
482.0,2020,4
483.0,2015,2
483.0,2016,1
483.0,2018,1
484.0,2014,4
484.0,2015,1
484.0,2017,1
484.0,2018,2
485.0,2015,1
485.0,2017,1
486.0,2014,2
486.0,2016,1
488.0,2014,1
488.0,2016,4
488.0,2017,4
488.0,2019,1
489.0,2014,1
489.0,2015,5
489.0,2016,7
489.0,2017,1
489.0,2018,5
489.0,2019,2
489.0,2020,1
492.0,2018,1
493.0,2014,1
493.0,2015,1
493.0,2019,2
493.0,2020,4
494.0,2014,3
494.0,2015,3
494.0,2016,2
494.0,2017,2
494.0,2018,3
494.0,2020,2
495.0,2017,4
495.0,2018,1
495.0,2019,2
495.0,2020,1
496.0,2015,1
497.0,2017,1
497.0,2018,1
498.0,2014,3
498.0,2016,4
498.0,2017,4
498.0,2019,4
498.0,2020,2
499.0,2014,2
499.0,2015,5
499.0,2016,4
499.0,2017,2
499.0,2019,1
501.0,2014,1
501.0,2015,3
501.0,2020,1
502.0,2014,4
502.0,2015,7
502.0,2016,1
502.0,2017,2
502.0,2018,1
502.0,2019,1
503.0,2016,3
503.0,2017,1
503.0,2018,1
503.0,2020,1
504.0,2014,2
504.0,2015,1
504.0,2017,1
504.0,2018,1
507.0,2017,1
508.0,2014,1
508.0,2016,2
508.0,2018,2
508.0,2019,1
511.0,2015,4
511.0,2016,1
512.0,2014,5
512.0,2015,5
512.0,2016,3
512.0,2017,1
512.0,2018,1
512.0,2020,1
513.0,2015,1
514.0,2014,5
514.0,2015,3
514.0,2016,4
515.0,2014,5
516.0,2015,4
516.0,2017,1
517.0,2014,1
517.0,2015,1
518.0,2015,2
519.0,2015,3
522.0,2014,2
522.0,2015,1
522.0,2016,1
522.0,2017,1
522.0,2018,1
522.0,2020,2
525.0,2019,1
526.0,2015,1
526.0,2016,1
527.0,2014,1
527.0,2017,1
528.0,2017,1
528.0,2018,2
528.0,2019,2
528.0,2020,3
529.0,2014,1
529.0,2015,2
529.0,2016,3
530.0,2014,4
530.0,2016,3
530.0,2017,3
530.0,2018,2
530.0,2019,1
531.0,2015,4
531.0,2016,3
531.0,2017,1
531.0,2018,2
531.0,2019,3
532.0,2014,2
532.0,2015,2
532.0,2017,1
532.0,2019,1
532.0,2020,1
533.0,2014,1
533.0,2015,4
533.0,2016,2
533.0,2017,3
533.0,2018,4
533.0,2019,5
534.0,2017,4
534.0,2018,1
534.0,2020,6
535.0,2016,3
535.0,2017,1
535.0,2020,1
536.0,2014,5
536.0,2015,4
536.0,2016,8
536.0,2017,5
536.0,2018,3
536.0,2019,5
536.0,2020,4
537.0,2014,1
537.0,2015,3
537.0,2016,3
537.0,2019,2
537.0,2020,1
539.0,2016,1
541.0,2014,1
542.0,2015,1
542.0,2016,1
548.0,2014,1
548.0,2015,2
548.0,2016,2
550.0,2016,1
551.0,2014,3
551.0,2015,1
551.0,2018,1
552.0,2015,1
552.0,2018,1
552.0,2019,1
553.0,2014,1
553.0,2017,1
553.0,2018,2
553.0,2019,2
553.0,2020,1
554.0,2014,1
554.0,2015,2
554.0,2016,1
554.0,2018,1
554.0,2019,1
554.0,2020,2
555.0,2016,4
555.0,2017,7
555.0,2018,2
555.0,2019,1
555.0,2020,12
556.0,2015,1
556.0,2016,1
556.0,2017,3
556.0,2018,1
556.0,2019,6
556.0,2020,1
557.0,2015,1
558.0,2017,3
558.0,2018,1
558.0,2020,3
565.0,2019,1
566.0,2014,3
566.0,2015,2
566.0,2016,1
567.0,2014,1
567.0,2016,3
567.0,2017,1
568.0,2016,3
568.0,2017,4
568.0,2018,5
571.0,2015,2
572.0,2019,1
573.0,2015,2
574.0,2015,7
574.0,2016,5
574.0,2017,3
574.0,2018,4
574.0,2019,5
575.0,2014,3
576.0,2014,1
576.0,2016,2
576.0,2018,2
579.0,2015,1
579.0,2016,3
579.0,2017,4
579.0,2018,4
579.0,2019,4
579.0,2020,1
581.0,2015,1
581.0,2016,1
581.0,2018,3
582.0,2016,2
583.0,2015,2
585.0,2014,2
585.0,2015,1
586.0,2014,1
586.0,2020,4
587.0,2014,3
587.0,2016,4
588.0,2014,8
588.0,2015,1
588.0,2016,2
588.0,2017,3
590.0,2014,2
590.0,2016,2
590.0,2017,1
591.0,2014,2
591.0,2015,2
591.0,2018,2
591.0,2019,1
592.0,2015,3
592.0,2016,2
592.0,2018,1
593.0,2016,1
594.0,2014,2
594.0,2015,3
594.0,2016,3
594.0,2017,2
594.0,2018,4
594.0,2019,7
594.0,2020,6
595.0,2015,1
595.0,2016,1
596.0,2014,1
596.0,2015,2
596.0,2016,2
596.0,2017,1
597.0,2015,5
597.0,2018,2
599.0,2017,1
602.0,2016,3
602.0,2017,3
602.0,2018,1
603.0,2015,1
604.0,2017,2
604.0,2018,2
604.0,2019,1
604.0,2020,2
605.0,2014,2
605.0,2015,2
605.0,2016,1
605.0,2019,1
606.0,2014,4
606.0,2015,5
606.0,2016,7
606.0,2017,3
606.0,2018,2
606.0,2020,2
607.0,2014,1
607.0,2015,1
608.0,2015,2
611.0,2014,6
611.0,2015,1
611.0,2016,2
611.0,2017,3
611.0,2019,2
612.0,2015,2
612.0,2016,3
612.0,2017,1
614.0,2014,2
614.0,2015,2
614.0,2016,1
614.0,2017,2
614.0,2018,1
615.0,2014,2
615.0,2015,2
615.0,2019,3
615.0,2020,1
616.0,2015,2
617.0,2014,2
617.0,2015,3
617.0,2016,1
617.0,2017,2
617.0,2018,1
617.0,2019,1
617.0,2020,1
618.0,2017,2
618.0,2018,1
618.0,2019,2
619.0,2014,9
619.0,2015,8
619.0,2016,7
619.0,2017,6
619.0,2018,3
619.0,2019,3
619.0,2020,1
620.0,2017,1
621.0,2014,3
621.0,2015,2
621.0,2017,2
621.0,2018,3
621.0,2019,3
621.0,2020,1
622.0,2014,3
622.0,2015,2
622.0,2016,1
622.0,2017,1
623.0,2014,1
625.0,2017,1
626.0,2014,1
626.0,2016,2
627.0,2015,1
627.0,2016,1
627.0,2017,1
628.0,2014,4
628.0,2015,1
628.0,2016,1
628.0,2017,4
628.0,2018,1
628.0,2019,4
628.0,2020,1
629.0,2014,3
629.0,2015,2
629.0,2016,1
629.0,2017,4
630.0,2017,1
630.0,2018,1
631.0,2014,1
631.0,2017,1
631.0,2019,2
632.0,2014,1
633.0,2016,2
633.0,2017,1
633.0,2018,2
634.0,2014,1
638.0,2015,1
639.0,2014,1
639.0,2015,4
639.0,2019,2
639.0,2020,1
640.0,2018,1
640.0,2019,1
641.0,2014,1
641.0,2015,1
642.0,2014,1
642.0,2015,2
642.0,2016,1
643.0,2014,1
643.0,2015,2
643.0,2016,1
643.0,2018,3
643.0,2019,1
644.0,2014,2
644.0,2015,3
644.0,2018,1
644.0,2019,1
645.0,2015,3
645.0,2016,2
645.0,2017,2
645.0,2018,1
645.0,2019,1
646.0,2014,1
646.0,2015,3
646.0,2016,6
646.0,2017,6
646.0,2018,6
646.0,2019,1
647.0,2014,10
647.0,2015,8
647.0,2016,10
647.0,2017,9
647.0,2018,7
647.0,2019,2
647.0,2020,7
648.0,2014,2
648.0,2015,2
648.0,2016,4
652.0,2014,2
652.0,2017,1
652.0,2018,1
652.0,2019,2
653.0,2017,2
654.0,2014,2
655.0,2016,2
655.0,2017,1
656.0,2014,3
656.0,2015,1
656.0,2016,1
660.0,2016,2
660.0,2017,2
660.0,2020,1
664.0,2014,2
664.0,2015,1
665.0,2015,2
667.0,2014,1
667.0,2016,1
667.0,2017,1
669.0,2014,1
669.0,2015,3
669.0,2018,2
669.0,2019,5
669.0,2020,3
670.0,2014,1
671.0,2015,1
672.0,2014,4
672.0,2015,2
672.0,2016,1
672.0,2017,3
672.0,2019,3
675.0,2015,1
675.0,2019,4
675.0,2020,3
676.0,2014,1
677.0,2014,9
677.0,2015,3
677.0,2016,5
677.0,2017,2
677.0,2018,6
677.0,2019,5
677.0,2020,6
679.0,2014,1
679.0,2015,1
681.0,2016,1
681.0,2017,1
681.0,2018,1
681.0,2019,2
682.0,2014,3
682.0,2015,2
686.0,2014,7
686.0,2015,4
686.0,2016,4
686.0,2017,3
686.0,2019,2
686.0,2020,2
687.0,2017,2
688.0,2018,2
689.0,2017,1
689.0,2020,2
690.0,2017,1
690.0,2018,2
690.0,2019,1
691.0,2015,1
692.0,2014,1
692.0,2015,1
695.0,2017,1
695.0,2019,1
695.0,2020,4
696.0,2014,3
696.0,2016,7
696.0,2017,8
696.0,2018,4
697.0,2014,1
697.0,2016,3
697.0,2018,1
699.0,2014,1
699.0,2015,3
699.0,2016,6
699.0,2019,1
699.0,2020,1
700.0,2014,1
700.0,2015,3
700.0,2016,1
700.0,2017,2
700.0,2018,3
700.0,2019,6
700.0,2020,3
701.0,2014,5
701.0,2016,4
701.0,2017,3
701.0,2018,9
702.0,2017,1
702.0,2020,1
703.0,2019,1
703.0,2020,1
708.0,2015,1
708.0,2016,2
708.0,2017,2
708.0,2019,3
709.0,2015,2
709.0,2016,4
709.0,2017,1
711.0,2014,2
711.0,2016,3
711.0,2017,1
712.0,2015,1
712.0,2017,1
712.0,2018,2
713.0,2014,4
713.0,2015,1
713.0,2016,1
713.0,2017,2
714.0,2014,1
714.0,2015,5
714.0,2016,11
714.0,2017,1
714.0,2018,5
714.0,2019,3
714.0,2020,7
716.0,2014,3
716.0,2015,3
716.0,2017,3
717.0,2014,1
717.0,2015,1
717.0,2016,7
719.0,2016,1
723.0,2015,1
723.0,2017,2
723.0,2018,1
725.0,2020,1
728.0,2014,1
728.0,2015,3
728.0,2016,1
728.0,2018,2
728.0,2019,1
728.0,2020,1
729.0,2016,1
730.0,2015,1
730.0,2017,1
730.0,2019,1
731.0,2014,1
732.0,2015,3
733.0,2014,2
734.0,2014,3
734.0,2015,5
734.0,2016,1
734.0,2017,3
734.0,2018,8
734.0,2019,2
734.0,2020,4
735.0,2014,1
735.0,2015,3
735.0,2016,6
735.0,2017,3
736.0,2016,2
737.0,2015,3
737.0,2019,1
738.0,2014,1
739.0,2014,2
739.0,2016,1
740.0,2014,2
740.0,2016,1
742.0,2015,1
742.0,2016,1
743.0,2014,1
743.0,2017,2
743.0,2019,2
744.0,2015,1
747.0,2014,1
747.0,2015,3
747.0,2016,3
748.0,2014,3
748.0,2015,2
748.0,2016,1
748.0,2018,3
749.0,2014,2
749.0,2015,3
749.0,2016,2
750.0,2015,7
750.0,2016,4
750.0,2017,3
750.0,2018,1
750.0,2019,2
750.0,2020,3
751.0,2014,1
752.0,2015,3
753.0,2014,4
753.0,2015,2
753.0,2016,1
753.0,2017,1
753.0,2020,2
754.0,2014,3
754.0,2015,1
754.0,2017,3
755.0,2015,7
755.0,2016,1
755.0,2017,7
755.0,2018,4
755.0,2019,5
755.0,2020,8
756.0,2014,6
756.0,2015,2
757.0,2014,2
757.0,2017,1
757.0,2018,1
757.0,2019,1
757.0,2020,1
759.0,2020,1
760.0,2014,2
764.0,2014,1
765.0,2014,1
766.0,2015,2
766.0,2017,3
766.0,2018,1
766.0,2020,1
767.0,2014,2
769.0,2014,1
769.0,2015,2
769.0,2018,1
769.0,2019,3
769.0,2020,2
770.0,2014,2
770.0,2015,1
770.0,2017,2
770.0,2018,3
770.0,2019,1
771.0,2015,2
771.0,2016,1
771.0,2017,1
771.0,2018,2
771.0,2019,1
772.0,2015,1
773.0,2015,3
773.0,2018,3
773.0,2020,1
774.0,2015,1
775.0,2014,2
775.0,2015,1
775.0,2017,1
775.0,2018,1
775.0,2020,2
777.0,2014,1
777.0,2017,4
778.0,2015,1
778.0,2016,1
782.0,2017,1
782.0,2018,2
782.0,2020,2
784.0,2014,1
784.0,2017,2
787.0,2018,1
788.0,2015,3
789.0,2015,1
789.0,2016,2
789.0,2018,1
789.0,2020,1
790.0,2015,1
790.0,2016,2
791.0,2019,1
792.0,2015,2
793.0,2015,2
794.0,2015,2
795.0,2015,3
795.0,2016,1
801.0,2014,2
801.0,2015,1
802.0,2014,3
802.0,2015,2
802.0,2016,6
802.0,2018,1
802.0,2019,6
802.0,2020,1
804.0,2014,2
804.0,2015,4
804.0,2016,3
804.0,2017,2
804.0,2019,2
804.0,2020,3
805.0,2014,1
805.0,2015,2
806.0,2014,1
806.0,2015,1
806.0,2016,7
807.0,2015,1
807.0,2016,3
807.0,2017,3
807.0,2019,1
807.0,2020,1
809.0,2014,1
809.0,2016,3
809.0,2017,2
810.0,2014,1
810.0,2015,1
810.0,2016,1
810.0,2017,1
811.0,2014,8
812.0,2014,3
812.0,2015,3
812.0,2016,1
813.0,2015,4
813.0,2016,3
813.0,2017,3
813.0,2018,3
814.0,2016,3
816.0,2015,1
817.0,2017,1
817.0,2018,1
818.0,2014,3
819.0,2014,2
821.0,2015,1
822.0,2016,1
822.0,2020,2
824.0,2014,2
825.0,2015,1
825.0,2017,1
826.0,2015,1
826.0,2016,1
827.0,2016,2
833.0,2015,2
833.0,2016,1
833.0,2018,5
833.0,2019,5
833.0,2020,1
834.0,2014,1
834.0,2015,3
834.0,2017,1
834.0,2018,3
834.0,2019,1
834.0,2020,2
835.0,2015,2
835.0,2017,1
835.0,2019,2
836.0,2015,1
836.0,2016,5
838.0,2014,1
838.0,2015,3
838.0,2016,2
838.0,2018,1
838.0,2019,1
838.0,2020,2
839.0,2015,1
839.0,2016,1
839.0,2017,1
839.0,2018,1
839.0,2019,1
840.0,2014,1
840.0,2015,2
840.0,2016,2
840.0,2017,2
841.0,2015,2
841.0,2020,1
842.0,2015,1
842.0,2016,1
842.0,2018,1
843.0,2014,3
843.0,2015,4
843.0,2016,1
843.0,2017,2
843.0,2018,1
843.0,2019,4
843.0,2020,10
844.0,2016,1
844.0,2017,4
844.0,2019,3
844.0,2020,1
845.0,2014,1
845.0,2017,2
845.0,2018,1
845.0,2019,1
845.0,2020,2
847.0,2017,1
847.0,2018,1
847.0,2019,1
848.0,2014,11
848.0,2015,1
848.0,2016,3
848.0,2017,3
848.0,2018,1
850.0,2014,2
850.0,2015,1
853.0,2020,1
861.0,2018,1
863.0,2014,3
863.0,2016,1
865.0,2015,4
865.0,2016,1
865.0,2017,1
865.0,2018,1
866.0,2014,4
866.0,2015,1
866.0,2016,1
866.0,2019,4
866.0,2020,5
868.0,2014,1
868.0,2015,3
868.0,2017,2
871.0,2014,2
871.0,2015,3
871.0,2016,2
872.0,2014,1
872.0,2016,1
872.0,2017,2
873.0,2014,2
873.0,2015,1
873.0,2016,2
875.0,2014,1
875.0,2015,1
875.0,2017,1
875.0,2018,2
875.0,2019,2
875.0,2020,1
876.0,2014,1
876.0,2015,1
876.0,2017,1
877.0,2016,1
877.0,2018,2
878.0,2014,2
878.0,2015,2
878.0,2016,3
879.0,2016,1
880.0,2014,1
881.0,2016,1
882.0,2014,6
882.0,2015,1
882.0,2017,6
882.0,2018,6
883.0,2014,1
883.0,2015,2
883.0,2016,1
883.0,2017,1
884.0,2019,1
884.0,2020,1
886.0,2014,1
886.0,2016,2
886.0,2017,1
888.0,2014,2
888.0,2015,3
888.0,2016,1
888.0,2017,4
888.0,2018,2
890.0,2014,1
895.0,2014,1
897.0,2016,3
897.0,2017,2
897.0,2018,1
897.0,2019,1
897.0,2020,3
900.0,2018,1
900.0,2019,2
901.0,2015,1
904.0,2014,11
904.0,2015,3
904.0,2016,3
904.0,2017,6
905.0,2014,1
906.0,2018,1
907.0,2014,1
907.0,2015,1
914.0,2016,2
914.0,2017,4
914.0,2018,3
915.0,2014,1
917.0,2014,5
917.0,2016,1
919.0,2015,1
920.0,2016,1
922.0,2016,2
929.0,2014,2
929.0,2015,2
930.0,2014,3
930.0,2015,1
931.0,2014,4
933.0,2014,3
935.0,2015,2
935.0,2016,1
935.0,2017,1
935.0,2018,2
935.0,2020,5
939.0,2014,1
939.0,2015,1
939.0,2016,1
940.0,2014,2
941.0,2014,1
941.0,2015,1
942.0,2014,1
942.0,2016,4
942.0,2017,10
942.0,2018,6
942.0,2020,5
943.0,2020,2
944.0,2015,1
948.0,2014,1
948.0,2016,3
952.0,2014,1
952.0,2015,1
952.0,2016,1
952.0,2018,3
952.0,2019,4
952.0,2020,1
953.0,2014,1
955.0,2015,1
956.0,2014,1
956.0,2015,1
956.0,2016,6
956.0,2017,6
956.0,2018,5
956.0,2019,4
956.0,2020,8
960.0,2014,1
960.0,2016,1
960.0,2017,2
961.0,2014,4
961.0,2019,1
961.0,2020,1
963.0,2015,4
963.0,2016,4
964.0,2020,2
965.0,2014,8
965.0,2015,2
965.0,2016,3
965.0,2018,7
965.0,2019,10
966.0,2019,1
966.0,2020,1
967.0,2014,1
967.0,2017,1
967.0,2018,3
967.0,2019,1
967.0,2020,3
971.0,2016,1
974.0,2014,1
980.0,2014,1
982.0,2014,1
983.0,2019,3
984.0,2014,1
985.0,2016,1
985.0,2019,2
985.0,2020,1
986.0,2014,1
986.0,2015,1
986.0,2017,1
986.0,2018,5
986.0,2019,4
986.0,2020,4
990.0,2014,3
990.0,2015,1
990.0,2016,1
993.0,2016,3
993.0,2017,1
993.0,2018,1
993.0,2019,1
993.0,2020,1
994.0,2014,1
1000.0,2016,2
1000.0,2017,2
1000.0,2018,5
1000.0,2019,1
1000.0,2020,1
1003.0,2020,1
1004.0,2014,1
1006.0,2018,1
1006.0,2020,1
1008.0,2014,2
1008.0,2017,1
1012.0,2014,1
1016.0,2018,1
1024.0,2019,3
1024.0,2020,3
1028.0,2014,1
1029.0,2014,3
1033.0,2018,1
1036.0,2014,4
1036.0,2016,1
1036.0,2017,1
1039.0,2018,2
1039.0,2020,1
1040.0,2020,1
1042.0,2019,1
1054.0,2015,1
1054.0,2020,2
1055.0,2018,1
1055.0,2020,1
1056.0,2018,1
1063.0,2014,1
1064.0,2014,1
1064.0,2016,4
1071.0,2015,3
1084.0,2019,1
1088.0,2016,1
1089.0,2015,1
1089.0,2016,2
1089.0,2018,1
1089.0,2020,6
1095.0,2014,1
1095.0,2017,1
1096.0,2014,1
1096.0,2017,1
1096.0,2018,5
1096.0,2019,1
1096.0,2020,2
1097.0,2014,1
1098.0,2016,2
1098.0,2018,1
1098.0,2019,3
1098.0,2020,2
1099.0,2019,1
1100.0,2015,1
1100.0,2017,1
1101.0,2014,2
1101.0,2015,1
1101.0,2016,1
1101.0,2017,2
1101.0,2018,2
1102.0,2016,1
1102.0,2017,1
1104.0,2014,1
1104.0,2015,2
1104.0,2016,1
1104.0,2017,4
1104.0,2018,7
1104.0,2020,1
1106.0,2018,1
1107.0,2014,1
1108.0,2014,1
1109.0,2014,1
1109.0,2016,2
1109.0,2017,3
1109.0,2018,2
1109.0,2019,10
1109.0,2020,4
1112.0,2014,1
1115.0,2017,1
1115.0,2020,1
1117.0,2018,1
1118.0,2015,1
1118.0,2016,3
1119.0,2014,4
1119.0,2016,2
1119.0,2017,1
1119.0,2019,1
1119.0,2020,2
1120.0,2017,1
1121.0,2015,3
1121.0,2017,1
1122.0,2016,1
1122.0,2018,2
1122.0,2020,2
1123.0,2014,1
1123.0,2015,1
1123.0,2016,1
1123.0,2018,4
1123.0,2019,3
1123.0,2020,5
1124.0,2014,2
1124.0,2015,1
1125.0,2014,10
1125.0,2015,3
1125.0,2016,6
1125.0,2017,2
1125.0,2018,3
1125.0,2020,1
1126.0,2015,3
1126.0,2016,2
1126.0,2018,5
1127.0,2015,3
1129.0,2014,1
1129.0,2015,1
1129.0,2016,2
1129.0,2018,1
1129.0,2020,2
1130.0,2016,1
1131.0,2017,1
1131.0,2019,2
1131.0,2020,1
1132.0,2014,1
1132.0,2019,1
1133.0,2014,1
1133.0,2015,1
1133.0,2016,1
1133.0,2019,1
1134.0,2014,1
1134.0,2015,2
1134.0,2016,2
1134.0,2018,1
1134.0,2019,2
1136.0,2016,5
1136.0,2017,3
1136.0,2019,4
1136.0,2020,3
1139.0,2017,1
1140.0,2014,2
1140.0,2016,1
1140.0,2017,1
1140.0,2018,1
1140.0,2019,1
1140.0,2020,1
1141.0,2014,1
1141.0,2015,1
1141.0,2016,2
1141.0,2017,1
1141.0,2018,4
1142.0,2015,1
1142.0,2017,2
1142.0,2018,2
1142.0,2019,1
1142.0,2020,1
1143.0,2016,1
1144.0,2017,1
1145.0,2014,1
1145.0,2016,1
1145.0,2017,7
1145.0,2018,9
1145.0,2019,4
1145.0,2020,5
1146.0,2016,3
1146.0,2017,3
1147.0,2014,1
1147.0,2015,3
1147.0,2016,2
1147.0,2017,4
1148.0,2014,1
1148.0,2015,3
1148.0,2016,8
1148.0,2017,1
1148.0,2018,6
1148.0,2019,4
1148.0,2020,2
1149.0,2016,1
1151.0,2014,4
1151.0,2016,1
1154.0,2016,2
1155.0,2017,1
1159.0,2014,4
1159.0,2017,1
1162.0,2016,2
1163.0,2016,1
1164.0,2016,2
1164.0,2017,1
1164.0,2018,1
1164.0,2019,2
1164.0,2020,1
1165.0,2016,1
1165.0,2019,1
1166.0,2016,2
1167.0,2016,1
1168.0,2016,3
1168.0,2017,4
1168.0,2018,2
1168.0,2019,1
1170.0,2016,2
1170.0,2017,1
1170.0,2019,1
1170.0,2020,3
1171.0,2014,1
1171.0,2015,1
1172.0,2016,1
1173.0,2016,1
1178.0,2014,1
1178.0,2015,1
1178.0,2016,1
1179.0,2017,1
1180.0,2014,6
1180.0,2015,4
1180.0,2016,1
1180.0,2019,1
1182.0,2015,3
1182.0,2016,2
1182.0,2018,1
1182.0,2019,2
1183.0,2014,1
1183.0,2017,2
1183.0,2019,1
1184.0,2014,6
1184.0,2018,1
1184.0,2019,2
1185.0,2014,2
1185.0,2015,1
1185.0,2016,3
1185.0,2017,1
1185.0,2018,1
1185.0,2019,2
1185.0,2020,1
1186.0,2014,3
1186.0,2015,6
1186.0,2016,9
1186.0,2017,3
1186.0,2018,7
1186.0,2019,9
1186.0,2020,5
1187.0,2014,2
1187.0,2016,6
1187.0,2017,5
1188.0,2014,2
1188.0,2015,2
1188.0,2016,1
1188.0,2017,1
1189.0,2020,2
1190.0,2017,2
1191.0,2015,1
1191.0,2016,1
1191.0,2017,1
1192.0,2015,1
1193.0,2014,4
1193.0,2015,1
1193.0,2016,1
1193.0,2017,3
1193.0,2020,1
1194.0,2014,1
1196.0,2014,3
1196.0,2015,1
1196.0,2016,4
1197.0,2015,2
1202.0,2015,1
1202.0,2016,1
1203.0,2016,2
1203.0,2017,1
1204.0,2017,1
1205.0,2014,1
1205.0,2015,1
1205.0,2016,2
1205.0,2017,1
1205.0,2018,3
1205.0,2019,1
1206.0,2014,2
1206.0,2015,1
1206.0,2016,1
1206.0,2017,1
1206.0,2018,1
1207.0,2014,6
1207.0,2015,1
1207.0,2016,2
1207.0,2017,1
1207.0,2018,1
1208.0,2014,1
1208.0,2016,4
1208.0,2017,1
1208.0,2018,2
1209.0,2014,1
1209.0,2015,3
1209.0,2016,10
1209.0,2017,11
1209.0,2018,7
1209.0,2019,16
1209.0,2020,5
1210.0,2016,3
1210.0,2018,1
1210.0,2020,4
1212.0,2016,1
1212.0,2018,3
1213.0,2014,2
1219.0,2014,2
1219.0,2015,1
1219.0,2017,8
1219.0,2018,3
1219.0,2019,4
1219.0,2020,1
1221.0,2015,1
1222.0,2016,2
1222.0,2017,1
1222.0,2018,2
1223.0,2017,3
1223.0,2018,1
1223.0,2020,3
1225.0,2014,2
1225.0,2016,1
1227.0,2017,2
1227.0,2018,1
1228.0,2015,3
1228.0,2019,7
1228.0,2020,9
1229.0,2014,1
1229.0,2015,1
1229.0,2016,4
1229.0,2017,1
1229.0,2018,1
1229.0,2019,7
1229.0,2020,2
1230.0,2014,5
1230.0,2015,2
1230.0,2016,4
1230.0,2017,9
1230.0,2018,14
1230.0,2019,5
1230.0,2020,3
1231.0,2015,1
1231.0,2016,1
1232.0,2014,2
1233.0,2020,2
1234.0,2019,1
1235.0,2017,2
1235.0,2019,2
1235.0,2020,2
1236.0,2016,1
1236.0,2017,1
1236.0,2018,1
1236.0,2019,4
1236.0,2020,2
1238.0,2014,1
1238.0,2015,2
1238.0,2017,3
1238.0,2019,2
1245.0,2020,2
1246.0,2015,3
1246.0,2016,1
1246.0,2017,2
1246.0,2018,1
1246.0,2019,4
1247.0,2018,1
1248.0,2015,2
1248.0,2016,2
1249.0,2014,1
1249.0,2015,1
1249.0,2016,4
1249.0,2017,1
1249.0,2018,2
1250.0,2015,1
1250.0,2017,2
1250.0,2018,7
1250.0,2019,7
1250.0,2020,9
1251.0,2016,1
1251.0,2017,2
1251.0,2018,3
1251.0,2019,1
1252.0,2016,1
1252.0,2017,1
1252.0,2018,1
1253.0,2015,4
1253.0,2016,8
1253.0,2017,1
1253.0,2019,3
1253.0,2020,1
1254.0,2014,2
1254.0,2015,1
1254.0,2016,1
1254.0,2017,1
1254.0,2018,1
1255.0,2014,5
1255.0,2015,2
1255.0,2016,2
1256.0,2014,1
1256.0,2018,2
1256.0,2019,4
1257.0,2020,1
1258.0,2018,1
1264.0,2015,2
1264.0,2016,2
1264.0,2017,1
1264.0,2018,1
1264.0,2019,1
1265.0,2017,1
1266.0,2015,1
1266.0,2016,1
1271.0,2016,4
1272.0,2016,3
1273.0,2016,1
1274.0,2016,3
1275.0,2015,2
1275.0,2016,1
1275.0,2017,1
1275.0,2018,2
1275.0,2019,5
1275.0,2020,2
1277.0,2019,1
1277.0,2020,2
1279.0,2014,1
1281.0,2020,1
1284.0,2015,2
1284.0,2018,1
1286.0,2015,1
1287.0,2014,2
1287.0,2015,3
1287.0,2016,2
1287.0,2017,2
1287.0,2018,3
1287.0,2019,2
1287.0,2020,2
1288.0,2016,1
1288.0,2017,1
1289.0,2016,1
1289.0,2017,4
1289.0,2018,1
1289.0,2019,2
1289.0,2020,2
1290.0,2014,2
1290.0,2015,5
1290.0,2016,5
1290.0,2017,1
1290.0,2018,3
1290.0,2019,3
1291.0,2014,1
1292.0,2015,1
1292.0,2017,3
1292.0,2018,2
1293.0,2014,3
1293.0,2015,5
1293.0,2017,3
1293.0,2019,2
1294.0,2014,7
1294.0,2015,10
1294.0,2016,5
1294.0,2017,5
1294.0,2018,1
1294.0,2019,2
1295.0,2014,9
1295.0,2015,3
1295.0,2016,1
1295.0,2018,1
1298.0,2014,1
1298.0,2015,2
1299.0,2017,1
1299.0,2018,1
1299.0,2020,1
1300.0,2014,2
1300.0,2015,1
1300.0,2016,1
1301.0,2014,3
1301.0,2016,2
1301.0,2017,3
1301.0,2018,2
1301.0,2020,2
1304.0,2016,1
1304.0,2020,1
1306.0,2015,1
1307.0,2014,1
1307.0,2015,1
1307.0,2016,3
1308.0,2016,1
1309.0,2015,2
1309.0,2016,3
1309.0,2018,2
1311.0,2018,3
1311.0,2020,1
1312.0,2016,1
1313.0,2014,1
1313.0,2017,3
1313.0,2019,2
1315.0,2014,4
1315.0,2015,3
1315.0,2016,2
1318.0,2014,1
1318.0,2016,1
1319.0,2016,2
1320.0,2014,2
1320.0,2015,2
1320.0,2020,1
1324.0,2016,1
1324.0,2019,1
1324.0,2020,1
1325.0,2015,1
1327.0,2020,1
1329.0,2017,1
1330.0,2015,1
1330.0,2016,1
1331.0,2015,1
1332.0,2014,1
1333.0,2015,1
1333.0,2016,1
1334.0,2014,1
1335.0,2016,1
1336.0,2014,1
1336.0,2015,6
1336.0,2016,5
1336.0,2017,5
1336.0,2018,2
1337.0,2014,1
1337.0,2015,2
1337.0,2018,1
1338.0,2014,1
1338.0,2015,1
1340.0,2015,1
1340.0,2016,3
1340.0,2017,5
1340.0,2018,3
1347.0,2014,3
1347.0,2015,3
1347.0,2016,5
1347.0,2018,1
1350.0,2014,1
1350.0,2015,1
1350.0,2016,1
1350.0,2017,3
1350.0,2018,1
1350.0,2019,1
1352.0,2016,1
1352.0,2017,1
1353.0,2016,1
1354.0,2016,4
1354.0,2017,2
1354.0,2018,4
1354.0,2019,1
1354.0,2020,2
1356.0,2016,1
1358.0,2017,1
1360.0,2015,1
1360.0,2016,6
1361.0,2014,2
1361.0,2016,1
1362.0,2016,1
1362.0,2020,9
1363.0,2016,1
1363.0,2017,1
1369.0,2016,2
1369.0,2017,5
1370.0,2016,1
1370.0,2017,2
1372.0,2016,3
1372.0,2017,1
1376.0,2014,1
1376.0,2016,2
1376.0,2017,7
1376.0,2018,2
1377.0,2014,1
1377.0,2015,1
1377.0,2016,1
1377.0,2019,2
1378.0,2016,1
1379.0,2017,1
1380.0,2017,1
1380.0,2019,1
1381.0,2014,2
1381.0,2015,1
1381.0,2016,1
1382.0,2014,1
1382.0,2015,1
1382.0,2016,2
1382.0,2017,5
1382.0,2018,1
1382.0,2019,2
1383.0,2014,2
1383.0,2015,1
1383.0,2016,1
1383.0,2017,2
1383.0,2018,1
1383.0,2019,2
1383.0,2020,1
1384.0,2014,3
1384.0,2016,4
1384.0,2017,5
1384.0,2018,3
1385.0,2014,3
1385.0,2015,1
1385.0,2016,1
1386.0,2015,1
1386.0,2017,1
1386.0,2018,2
1386.0,2020,1
1387.0,2016,1
1387.0,2018,1
1387.0,2019,1
1389.0,2015,3
1389.0,2016,2
1389.0,2017,3
1389.0,2018,1
1389.0,2019,4
1389.0,2020,7
1393.0,2015,2
1393.0,2016,3
1393.0,2017,1
1393.0,2018,2
1393.0,2019,7
1393.0,2020,10
1394.0,2014,5
1394.0,2015,2
1394.0,2016,2
1394.0,2017,1
1394.0,2018,1
1394.0,2020,1
1395.0,2015,2
1395.0,2016,1
1395.0,2020,1
1397.0,2016,1
1397.0,2018,2
1397.0,2019,1
1399.0,2018,3
1399.0,2020,1
1401.0,2014,1
1401.0,2015,2
1401.0,2016,2
1402.0,2015,1
1403.0,2014,1
1404.0,2016,3
1405.0,2015,2
1405.0,2016,3
1406.0,2016,1
1406.0,2017,1
1406.0,2020,2
1408.0,2016,1
1409.0,2016,1
1409.0,2017,3
1409.0,2020,3
1410.0,2016,1
1412.0,2014,1
1412.0,2016,1
1412.0,2019,1
1418.0,2014,6
1418.0,2015,4
1418.0,2016,1
1419.0,2014,1
1419.0,2016,2
1419.0,2017,1
1421.0,2019,1
1421.0,2020,1
1422.0,2014,2
1422.0,2015,2
1422.0,2016,3
1422.0,2019,1
1423.0,2014,1
1423.0,2017,3
1423.0,2018,1
1424.0,2016,4
1424.0,2017,1
1424.0,2018,3
1425.0,2016,5
1425.0,2017,2
1425.0,2019,1
1426.0,2014,3
1426.0,2015,7
1426.0,2016,4
1426.0,2017,4
1426.0,2018,5
1426.0,2019,3
1426.0,2020,3
1430.0,2014,2
1430.0,2015,1
1430.0,2016,1
1430.0,2020,1
1431.0,2015,1
1431.0,2017,1
1431.0,2018,1
1433.0,2019,1
1434.0,2014,1
1434.0,2015,2
1434.0,2016,2
1434.0,2017,4
1434.0,2018,2
1434.0,2019,1
1435.0,2014,1
1435.0,2018,1
1435.0,2019,1
1436.0,2018,1
1440.0,2015,2
1440.0,2016,1
1441.0,2015,1
1441.0,2016,1
1442.0,2014,1
1444.0,2019,1
1445.0,2015,2
1445.0,2017,6
1445.0,2018,1
1445.0,2019,3
1445.0,2020,4
1446.0,2015,2
1446.0,2017,1
1447.0,2016,1
1448.0,2017,1
1448.0,2018,7
1448.0,2019,13
1448.0,2020,3
1449.0,2018,1
1450.0,2015,1
1451.0,2014,4
1451.0,2015,1
1456.0,2015,6
1456.0,2016,1
1456.0,2017,2
1458.0,2016,1
1458.0,2017,1
1458.0,2018,1
1458.0,2019,1
1461.0,2018,3
1462.0,2015,1
1463.0,2014,1
1463.0,2015,4
1463.0,2016,4
1463.0,2018,3
1463.0,2019,1
1464.0,2015,1
1464.0,2016,1
1464.0,2017,1
1464.0,2018,1
1464.0,2019,1
1465.0,2018,2
1465.0,2019,1
1466.0,2014,1
1466.0,2015,1
1466.0,2016,1
1468.0,2014,1
1468.0,2016,2
1468.0,2017,1
1468.0,2018,1
1468.0,2019,1
1468.0,2020,1
1469.0,2016,3
1469.0,2017,1
1470.0,2016,1
1471.0,2016,6
1471.0,2017,2
1471.0,2018,3
1471.0,2019,3
1471.0,2020,4
1472.0,2014,2
1472.0,2016,1
1472.0,2017,1
1473.0,2015,1
1473.0,2016,4
1473.0,2017,2
1473.0,2018,4
1473.0,2019,2
1473.0,2020,2
1474.0,2014,1
1474.0,2015,1
1476.0,2018,1
1477.0,2016,1
1481.0,2016,1
1482.0,2015,1
1482.0,2016,1
1484.0,2015,1
1484.0,2017,2
1484.0,2018,1
1484.0,2019,3
1484.0,2020,1
1485.0,2015,1
1485.0,2016,3
1485.0,2017,3
1485.0,2018,1
1485.0,2019,1
1486.0,2016,5
1486.0,2017,2
1486.0,2019,1
1487.0,2015,1
1487.0,2016,3
1488.0,2016,1
1488.0,2018,1
1489.0,2016,3
1489.0,2017,4
1489.0,2018,3
1489.0,2019,3
1489.0,2020,12
1490.0,2014,1
1491.0,2014,1
1491.0,2015,4
1491.0,2016,7
1491.0,2017,5
1491.0,2018,3
1491.0,2019,3
1492.0,2016,4
1492.0,2018,4
1492.0,2019,1
1492.0,2020,1
1493.0,2016,2
1493.0,2017,3
1493.0,2018,12
1493.0,2019,8
1494.0,2014,5
1494.0,2015,3
1494.0,2016,1
1496.0,2016,1
1496.0,2018,2
1496.0,2019,1
1497.0,2014,1
1502.0,2017,1
1503.0,2014,1
1504.0,2017,1
1507.0,2014,7
1507.0,2015,3
1508.0,2015,2
1508.0,2019,1
1508.0,2020,2
1511.0,2014,1
1511.0,2015,1
1511.0,2016,2
1511.0,2017,4
1511.0,2018,3
1511.0,2019,2
1511.0,2020,3
1512.0,2016,2
1512.0,2017,1
1513.0,2014,7
1513.0,2015,3
1513.0,2016,8
1513.0,2017,9
1513.0,2018,6
1513.0,2020,1
1514.0,2014,2
1514.0,2015,4
1514.0,2016,1
1514.0,2017,1
1515.0,2018,1
1515.0,2019,1
1515.0,2020,1
1516.0,2014,1
1516.0,2015,1
1516.0,2016,2
1516.0,2017,1
1516.0,2018,1
1516.0,2019,1
1517.0,2014,5
1517.0,2015,8
1517.0,2016,1
1517.0,2017,1
1517.0,2019,3
1517.0,2020,6
1518.0,2014,2
1518.0,2015,1
1518.0,2018,1
1518.0,2019,2
1518.0,2020,1
1520.0,2014,2
1520.0,2015,2
1520.0,2016,4
1520.0,2017,5
1520.0,2018,3
1520.0,2019,5
1521.0,2014,1
1521.0,2019,1
1522.0,2014,2
1522.0,2016,3
1522.0,2017,2
1522.0,2020,1
1523.0,2014,2
1523.0,2015,2
1523.0,2016,3
1523.0,2017,2
1523.0,2019,1
1523.0,2020,3
1524.0,2014,1
1524.0,2015,1
1524.0,2020,1
1528.0,2016,2
1531.0,2014,3
1531.0,2016,1
1533.0,2015,1
1534.0,2014,2
1534.0,2015,2
1534.0,2016,1
1534.0,2018,1
1539.0,2014,5
1539.0,2015,2
1539.0,2016,9
1539.0,2017,2
1539.0,2018,3
1539.0,2019,5
1541.0,2016,4
1541.0,2017,6
1541.0,2018,2
1541.0,2019,4
1541.0,2020,1
1542.0,2016,2
1542.0,2017,1
1542.0,2018,1
1542.0,2019,1
1543.0,2016,2
1543.0,2017,3
1543.0,2019,1
1543.0,2020,2
1545.0,2020,1
1546.0,2017,1
1549.0,2017,1
1550.0,2017,3
1550.0,2018,2
1550.0,2019,2
1552.0,2014,2
1552.0,2015,2
1556.0,2014,2
1556.0,2015,1
1561.0,2014,2
1562.0,2014,1
1567.0,2014,1
1568.0,2015,2
1569.0,2019,2
1572.0,2015,1
1572.0,2016,1
1572.0,2018,1
1573.0,2017,1
1576.0,2015,1
1576.0,2016,2
1576.0,2018,2
1576.0,2019,1
1576.0,2020,1
1579.0,2014,2
1579.0,2015,2
1580.0,2014,3
1580.0,2015,4
1580.0,2017,2
1580.0,2018,3
1580.0,2020,1
1582.0,2014,2
1583.0,2016,2
1583.0,2018,2
1583.0,2019,2
1583.0,2020,5
1588.0,2015,2
1588.0,2016,1
1588.0,2017,4
1588.0,2018,1
1588.0,2019,1
1589.0,2014,3
1589.0,2015,4
1589.0,2016,7
1590.0,2014,4
1590.0,2015,2
1592.0,2014,3
1592.0,2016,1
1592.0,2017,1
1592.0,2018,3
1592.0,2019,5
1592.0,2020,8
1595.0,2017,3
1595.0,2019,1
1597.0,2015,1
1601.0,2020,1
1602.0,2015,3
1603.0,2014,1
1603.0,2015,1
1604.0,2015,3
1604.0,2016,2
1604.0,2018,1
1604.0,2020,2
1605.0,2014,1
1605.0,2016,2
1605.0,2018,1
1605.0,2020,2
1610.0,2015,1
1611.0,2014,4
1611.0,2015,1
1612.0,2014,8
1612.0,2015,6
1612.0,2016,3
1612.0,2017,3
1612.0,2018,2
1612.0,2019,2
1612.0,2020,9
1617.0,2020,1
1621.0,2014,2
1621.0,2015,1
1621.0,2016,2
1621.0,2017,2
1621.0,2018,1
1622.0,2014,3
1622.0,2015,1
1622.0,2016,1
1630.0,2014,1
1634.0,2019,1
1635.0,2015,1
1641.0,2014,1
1642.0,2014,2
1642.0,2017,2
1642.0,2018,1
1643.0,2015,3
1644.0,2015,1
1653.0,2014,1
1653.0,2016,3
1653.0,2017,1
1653.0,2018,2
1653.0,2019,2
1653.0,2020,4
1654.0,2014,2
1654.0,2016,1
1654.0,2018,1
1654.0,2019,2
1654.0,2020,2
1655.0,2016,1
1656.0,2014,2
1657.0,2016,2
1657.0,2017,1
1658.0,2016,1
1659.0,2016,1
1660.0,2016,3
1660.0,2018,1
1661.0,2016,5
1661.0,2017,2
1661.0,2018,1
1663.0,2017,2
1663.0,2018,2
1663.0,2019,1
1665.0,2018,3
1665.0,2019,4
1665.0,2020,1
1669.0,2018,3
1669.0,2019,2
1672.0,2017,6
1672.0,2018,4
1673.0,2020,1
1674.0,2014,3
1676.0,2014,1
1676.0,2015,2
1676.0,2018,3
1676.0,2019,2
1676.0,2020,1
1678.0,2015,4
1678.0,2016,1
1678.0,2017,3
1679.0,2019,1
1680.0,2016,1
1680.0,2017,1
1682.0,2016,2
1682.0,2019,3
1683.0,2016,3
1683.0,2017,1
1683.0,2018,5
1683.0,2019,3
1683.0,2020,2
1685.0,2014,1
1685.0,2019,1
1686.0,2016,2
1687.0,2016,3
1687.0,2017,5
1687.0,2018,2
1687.0,2019,1
1687.0,2020,2
1688.0,2016,1
1688.0,2017,1
1688.0,2018,2
1688.0,2019,3
1688.0,2020,3
1689.0,2017,2
1690.0,2016,1
1690.0,2017,1
1691.0,2016,4
1691.0,2018,3
1691.0,2019,5
1692.0,2016,2
1693.0,2016,1
1694.0,2016,1
1695.0,2014,1
1695.0,2016,1
1698.0,2014,1
1698.0,2016,1
1699.0,2014,4
1699.0,2015,1
1699.0,2016,3
1699.0,2017,4
1699.0,2018,2
1699.0,2020,1
1700.0,2014,4
1700.0,2015,3
1700.0,2016,2
1700.0,2017,7
1700.0,2019,7
1700.0,2020,6
1701.0,2015,7
1701.0,2017,1
1701.0,2018,2
1702.0,2016,1
1702.0,2017,1
1704.0,2014,1
1706.0,2020,2
1707.0,2016,2
1707.0,2018,1
1709.0,2014,3
1709.0,2016,1
1709.0,2017,14
1709.0,2018,9
1710.0,2016,1
1710.0,2017,1
1710.0,2018,1
1710.0,2019,2
1712.0,2014,2
1712.0,2016,2
1713.0,2016,3
1715.0,2014,1
1715.0,2015,2
1715.0,2016,2
1716.0,2015,1
1716.0,2017,3
1716.0,2018,2
1716.0,2019,3
1718.0,2016,1
1719.0,2016,1
1719.0,2018,1
1720.0,2015,1
1722.0,2015,1
1723.0,2018,2
1723.0,2019,1
1723.0,2020,1
1724.0,2016,1
1724.0,2018,1
1725.0,2016,2
1725.0,2017,2
1725.0,2019,2
1726.0,2015,1
1726.0,2016,1
1726.0,2017,1
1727.0,2016,4
1727.0,2017,2
1728.0,2014,3
1728.0,2015,1
1728.0,2016,7
1728.0,2017,1
1730.0,2016,2
1732.0,2014,7
1732.0,2015,4
1732.0,2017,2
1732.0,2019,1
1734.0,2014,3
1734.0,2015,3
1734.0,2017,1
1735.0,2017,2
1735.0,2018,1
1735.0,2019,1
1736.0,2020,1
1737.0,2014,1
1737.0,2016,4
1738.0,2016,1
1739.0,2017,1
1740.0,2014,1
1740.0,2015,5
1740.0,2016,2
1740.0,2017,1
1740.0,2018,8
1740.0,2019,1
1740.0,2020,1
1741.0,2014,8
1741.0,2015,7
1741.0,2016,3
1741.0,2019,5
1741.0,2020,4
1743.0,2016,1
1744.0,2014,1
1744.0,2016,3
1746.0,2016,1
1746.0,2018,1
1746.0,2019,1
1747.0,2017,3
1748.0,2017,1
1748.0,2019,1
1753.0,2014,2
1763.0,2014,1
1763.0,2016,1
1763.0,2017,1
1763.0,2018,2
1763.0,2019,2
1776.0,2019,1
1776.0,2020,5
1784.0,2014,3
1785.0,2017,1
1791.0,2018,4
1791.0,2019,8
1791.0,2020,2
1792.0,2014,1
1792.0,2015,1
1792.0,2017,2
1792.0,2019,1
1792.0,2020,1
1800.0,2014,7
1800.0,2016,8
1800.0,2017,5
1800.0,2018,2
1800.0,2019,1
1800.0,2020,3
1801.0,2015,1
1802.0,2014,2
1804.0,2015,5
1804.0,2016,4
1804.0,2017,1
1804.0,2018,4
1804.0,2019,3
1804.0,2020,1
1806.0,2017,1
1807.0,2015,1
1808.0,2016,1
1809.0,2016,1
1809.0,2020,2
1810.0,2014,1
1810.0,2018,3
1810.0,2020,1
1812.0,2014,2
1815.0,2014,1
1815.0,2015,4
1816.0,2014,2
1816.0,2015,1
1817.0,2015,1
1817.0,2016,5
1817.0,2017,9
1817.0,2018,3
1817.0,2019,1
1819.0,2016,1
1819.0,2017,1
1819.0,2018,2
1822.0,2014,1
1822.0,2015,2
1822.0,2016,1
1822.0,2017,2
1822.0,2018,1
1822.0,2019,2
1822.0,2020,1
1823.0,2015,1
1823.0,2018,3
1823.0,2019,1
1823.0,2020,2
1826.0,2014,1
1826.0,2015,1
1826.0,2016,2
1826.0,2017,1
1826.0,2018,2
1826.0,2019,4
1826.0,2020,1
1828.0,2015,1
1828.0,2020,1
1836.0,2014,3
1836.0,2015,3
1836.0,2016,1
1836.0,2017,1
1836.0,2018,1
1836.0,2019,2
1838.0,2014,1
1838.0,2015,1
1840.0,2015,1
1842.0,2015,5
1843.0,2015,1
1844.0,2014,2
1844.0,2015,1
1846.0,2018,2
1847.0,2014,4
1847.0,2015,4
1847.0,2017,4
1847.0,2019,3
1849.0,2017,4
1849.0,2018,1
1851.0,2014,3
1851.0,2015,1
1852.0,2018,1
1852.0,2020,5
1853.0,2014,2
1853.0,2015,2
1857.0,2014,1
1857.0,2016,3
1857.0,2017,1
1857.0,2019,4
1860.0,2015,4
1861.0,2015,1
1867.0,2015,3
1867.0,2018,1
1868.0,2015,2
1868.0,2018,3
1871.0,2015,2
1872.0,2018,1
1876.0,2014,1
1876.0,2015,1
1878.0,2014,3
1878.0,2015,2
1879.0,2014,2
1880.0,2014,1
1884.0,2016,1
1884.0,2019,1
1888.0,2014,4
1888.0,2015,4
1891.0,2014,1
1891.0,2016,4
1896.0,2015,1
1896.0,2020,2
1898.0,2019,1
1899.0,2015,1
1903.0,2018,1
1907.0,2015,2
1911.0,2014,1
1920.0,2017,1
1927.0,2017,1
1927.0,2018,1
1927.0,2019,3
1927.0,2020,3
1932.0,2014,1
1932.0,2017,1
1932.0,2018,2
1933.0,2014,3
1933.0,2015,1
1933.0,2017,1
1934.0,2015,1
1935.0,2016,1
1936.0,2017,1
1937.0,2014,1
1937.0,2019,1
1939.0,2014,1
1940.0,2014,2
1942.0,2014,1
1942.0,2017,1
1942.0,2020,2
1943.0,2018,1
1943.0,2019,1
1944.0,2015,1
1948.0,2014,2
1949.0,2014,3
1951.0,2014,1
1951.0,2015,1
1951.0,2018,1
1955.0,2014,6
1955.0,2015,4
1956.0,2017,1
1958.0,2020,2
1959.0,2014,1
1963.0,2015,1
1963.0,2018,2
1969.0,2015,1
1972.0,2020,1
1979.0,2019,4
1981.0,2015,1
1983.0,2015,1
1984.0,2014,4
1984.0,2015,2
1987.0,2014,1
1996.0,2014,1
2003.0,2018,1
2006.0,2014,3
2006.0,2015,3
2006.0,2017,3
2011.0,2014,1
2011.0,2015,1
2014.0,2014,9
2014.0,2015,1
2014.0,2016,1
2019.0,2019,1
2019.0,2020,1
2021.0,2018,1
2029.0,2014,2
2029.0,2015,1
2034.0,2014,1
2040.0,2019,1
2044.0,2014,1
2044.0,2017,1
2044.0,2018,1
2047.0,2015,1
2048.0,2014,2
2053.0,2020,4
2057.0,2016,1
2062.0,2016,1
2063.0,2014,1
2063.0,2018,3
2064.0,2015,1
2064.0,2016,1
2064.0,2017,1
2065.0,2014,2
2065.0,2015,1
2065.0,2016,4
2065.0,2017,3
2065.0,2018,2
2065.0,2019,1
2068.0,2015,2
2068.0,2017,1
2069.0,2014,1
2069.0,2015,1
2069.0,2018,2
2070.0,2016,1
2070.0,2019,3
2071.0,2015,1
2071.0,2017,1
2071.0,2020,1
2073.0,2015,1
2073.0,2017,1
2073.0,2018,4
2077.0,2014,1
2077.0,2015,3
2077.0,2016,3
2078.0,2015,1
2079.0,2015,2
2079.0,2018,3
2079.0,2019,1
2080.0,2019,1
2081.0,2014,1
2081.0,2015,1
2082.0,2014,4
2082.0,2015,8
2083.0,2017,1
2084.0,2014,3
2085.0,2014,5
2085.0,2016,2
2085.0,2017,1
2087.0,2014,2
2087.0,2016,1
2088.0,2015,1
2088.0,2016,1
2088.0,2019,1
2089.0,2014,1
2091.0,2016,3
2092.0,2014,5
2092.0,2015,4
2092.0,2016,1
2092.0,2017,2
2092.0,2018,3
2094.0,2014,4
2094.0,2015,4
2094.0,2016,2
2094.0,2017,1
2094.0,2020,3
2095.0,2014,1
2095.0,2015,1
2095.0,2017,2
2095.0,2019,1
2096.0,2016,2
2097.0,2014,9
2097.0,2015,5
2097.0,2016,10
2097.0,2017,6
2097.0,2018,5
2097.0,2019,10
2097.0,2020,9
2098.0,2015,8
2098.0,2016,3
2098.0,2017,3
2098.0,2018,7
2098.0,2019,3
2098.0,2020,4
2099.0,2014,2
2099.0,2015,6
2099.0,2016,3
2099.0,2017,5
2099.0,2018,6
2099.0,2019,4
2099.0,2020,7
2100.0,2016,1
2101.0,2014,2
2101.0,2016,1
2102.0,2014,3
2102.0,2015,1
2103.0,2017,1
2103.0,2019,1
2106.0,2015,1
2106.0,2017,4
2108.0,2014,1
2109.0,2015,2
2110.0,2020,1
2111.0,2015,1
2112.0,2015,4
2112.0,2018,2
2112.0,2020,1
2113.0,2016,1
2113.0,2018,1
2115.0,2015,4
2116.0,2014,2
2116.0,2016,1
2116.0,2018,1
2116.0,2020,2
2117.0,2015,3
2117.0,2017,1
2117.0,2019,1
2120.0,2014,1
2120.0,2015,1
2120.0,2016,4
2120.0,2017,4
2120.0,2018,2
2120.0,2019,2
2120.0,2020,10
2121.0,2014,1
2121.0,2019,3
2122.0,2017,4
2122.0,2018,3
2122.0,2020,1
2125.0,2019,1
2126.0,2014,1
2126.0,2015,1
2127.0,2015,1
2127.0,2016,3
2127.0,2017,4
2127.0,2019,1
2128.0,2017,1
2130.0,2014,1
2131.0,2018,1
2133.0,2014,1
2133.0,2015,2
2133.0,2016,5
2133.0,2017,4
2134.0,2014,3
2134.0,2015,5
2135.0,2015,3
2135.0,2016,1
2135.0,2018,1
2135.0,2019,2
2136.0,2014,1
2143.0,2015,4
2143.0,2016,1
2143.0,2017,1
2143.0,2018,2
2143.0,2019,4
2143.0,2020,1
2144.0,2015,1
2144.0,2016,1
2145.0,2016,1
2147.0,2015,1
2148.0,2015,3
2148.0,2016,3
2148.0,2017,3
2148.0,2018,1
2148.0,2019,3
2148.0,2020,3
2149.0,2017,1
2149.0,2018,1
2149.0,2019,1
2150.0,2015,8
2150.0,2016,3
2150.0,2017,1
2153.0,2014,4
2154.0,2019,2
2155.0,2015,1
2155.0,2017,3
2155.0,2018,2
2155.0,2019,2
2159.0,2015,1
2159.0,2016,1
2160.0,2014,1
2160.0,2015,1
2161.0,2016,1
2161.0,2018,2
2161.0,2019,1
2162.0,2014,1
2162.0,2015,8
2163.0,2015,2
2163.0,2016,2
2163.0,2017,3
2163.0,2019,2
2163.0,2020,1
2164.0,2015,2
2165.0,2014,1
2165.0,2015,3
2165.0,2016,1
2166.0,2014,1
2166.0,2015,1
2166.0,2018,5
2166.0,2019,3
2167.0,2015,3
2168.0,2014,1
2168.0,2015,1
2168.0,2016,2
2170.0,2015,2
2171.0,2014,2
2171.0,2015,2
2175.0,2014,1
2176.0,2015,1
2178.0,2016,1
2178.0,2018,1
2179.0,2014,1
2179.0,2015,1
2180.0,2014,6
2180.0,2015,2
2182.0,2018,1
2182.0,2019,2
2183.0,2019,2
2183.0,2020,2
2184.0,2014,4
2184.0,2015,1
2185.0,2015,2
2185.0,2020,1
2186.0,2014,2
2186.0,2015,1
2186.0,2017,4
2186.0,2018,3
2191.0,2015,1
2193.0,2015,1
2193.0,2017,4
2193.0,2020,3
2194.0,2014,1
2194.0,2017,2
2194.0,2018,2
2194.0,2019,1
2194.0,2020,1
2195.0,2014,1
2196.0,2015,2
2196.0,2018,1
2197.0,2014,3
2197.0,2015,3
2197.0,2016,5
2197.0,2017,2
2197.0,2019,1
2197.0,2020,2
2198.0,2014,1
2198.0,2016,2
2198.0,2018,4
2198.0,2020,1
2199.0,2014,2
2199.0,2015,2
2199.0,2016,4
2199.0,2017,1
2199.0,2018,2
2200.0,2014,2
2200.0,2015,1
2202.0,2015,1
2203.0,2019,1
2205.0,2014,1
2207.0,2014,2
2207.0,2015,4
2209.0,2015,1
2210.0,2017,1
2210.0,2019,1
2212.0,2016,2
2213.0,2016,1
2214.0,2016,1
2215.0,2016,1
2216.0,2015,1
2216.0,2016,1
2216.0,2018,5
2216.0,2020,1
2217.0,2015,1
2217.0,2018,2
2217.0,2020,1
2218.0,2016,2
2220.0,2015,1
2226.0,2017,1
2228.0,2014,1
2228.0,2015,1
2228.0,2017,4
2228.0,2018,1
2228.0,2019,1
2228.0,2020,1
2229.0,2015,1
2229.0,2019,2
2230.0,2016,1
2231.0,2014,1
2231.0,2015,1
2231.0,2017,3
2232.0,2015,1
2232.0,2016,1
2232.0,2017,5
2232.0,2018,1
2233.0,2014,5
2233.0,2015,2
2233.0,2016,3
2233.0,2017,3
2234.0,2015,1
2234.0,2017,1
2234.0,2018,5
2234.0,2019,5
2234.0,2020,8
2235.0,2015,1
2235.0,2017,2
2236.0,2015,2
2236.0,2016,1
2240.0,2014,2
2240.0,2018,1
2242.0,2014,4
2242.0,2015,4
2242.0,2016,1
2242.0,2018,1
2244.0,2017,1
2244.0,2019,1
2244.0,2020,1
2245.0,2016,2
2245.0,2017,1
2245.0,2018,3
2245.0,2019,1
2245.0,2020,2
2246.0,2014,3
2246.0,2015,3
2246.0,2016,7
2246.0,2017,4
2246.0,2018,6
2246.0,2019,9
2246.0,2020,2
2247.0,2016,2
2247.0,2017,4
2247.0,2018,1
2247.0,2019,2
2247.0,2020,1
2248.0,2015,1
2248.0,2016,3
2248.0,2017,2
2248.0,2018,2
2248.0,2019,1
2248.0,2020,5
2249.0,2014,3
2249.0,2016,5
2249.0,2017,2
2249.0,2018,4
2249.0,2020,3
2250.0,2014,2
2250.0,2015,2
2250.0,2016,1
2250.0,2017,1
2250.0,2018,3
2250.0,2019,1
2250.0,2020,1
2251.0,2014,3
2251.0,2015,5
2251.0,2016,1
2251.0,2017,3
2251.0,2018,1
2251.0,2020,1
2252.0,2016,1
2252.0,2017,1
2252.0,2018,2
2252.0,2020,1
2253.0,2014,1
2253.0,2017,2
2254.0,2014,1
2254.0,2019,1
2255.0,2015,4
2255.0,2017,1
2255.0,2019,1
2255.0,2020,1
2256.0,2015,2
2256.0,2016,2
2257.0,2015,1
2257.0,2017,2
2258.0,2014,4
2258.0,2015,1
2258.0,2016,2
2260.0,2020,1
2262.0,2016,1
2262.0,2018,1
2263.0,2014,3
2263.0,2016,2
2263.0,2018,2
2263.0,2020,1
2264.0,2014,3
2264.0,2015,2
2264.0,2016,5
2264.0,2018,3
2264.0,2019,1
2264.0,2020,1
2265.0,2016,1
2265.0,2018,1
2266.0,2014,3
2266.0,2015,4
2266.0,2016,4
2266.0,2018,1
2266.0,2019,4
2266.0,2020,1
2267.0,2014,1
2267.0,2015,1
2268.0,2014,3
2268.0,2015,2
2269.0,2014,10
2269.0,2015,5
2269.0,2016,4
2269.0,2017,1
2269.0,2018,1
2269.0,2019,1
2269.0,2020,1
2270.0,2014,4
2270.0,2015,4
2270.0,2016,3
2270.0,2017,3
2270.0,2018,7
2270.0,2019,1
2270.0,2020,2
2271.0,2014,4
2271.0,2015,2
2271.0,2016,2
2272.0,2014,5
2272.0,2016,2
2272.0,2019,1
2272.0,2020,4
2273.0,2014,9
2274.0,2014,1
2274.0,2016,2
2275.0,2015,1
2275.0,2020,1
2278.0,2014,3
2278.0,2015,3
2278.0,2017,3
2279.0,2016,1
2280.0,2018,1
2281.0,2020,2
2283.0,2017,1
2284.0,2014,5
2284.0,2015,1
2284.0,2016,2
2284.0,2017,3
2284.0,2019,1
2284.0,2020,1
2285.0,2014,2
2285.0,2015,1
2285.0,2017,1
2285.0,2018,2
2285.0,2019,7
2285.0,2020,5
2286.0,2014,1
2286.0,2015,1
2286.0,2017,1
2287.0,2015,1
2287.0,2016,2
2287.0,2020,1
2288.0,2014,1
2289.0,2019,1
2290.0,2015,1
2290.0,2016,7
2290.0,2017,2
2290.0,2018,5
2290.0,2019,9
2290.0,2020,6
2296.0,2015,3
2296.0,2017,2
2296.0,2018,2
2297.0,2017,1
2298.0,2014,1
2298.0,2016,2
2298.0,2017,2
2298.0,2020,2
2301.0,2014,1
2301.0,2017,2
2301.0,2019,1
2302.0,2014,1
2302.0,2015,4
2302.0,2016,6
2303.0,2014,1
2303.0,2017,2
2303.0,2019,1
2304.0,2018,2
2305.0,2014,1
2305.0,2016,1
2305.0,2017,4
2305.0,2019,1
2306.0,2015,1
2306.0,2017,1
2307.0,2014,2
2308.0,2014,3
2308.0,2015,1
2308.0,2017,1
2308.0,2019,1
2308.0,2020,4
2311.0,2016,2
2311.0,2019,4
2311.0,2020,2
2314.0,2016,1
2314.0,2017,1
2314.0,2019,1
2315.0,2014,1
2315.0,2015,1
2316.0,2015,1
2316.0,2016,1
2316.0,2018,1
2317.0,2015,1
2317.0,2016,1
2318.0,2014,1
2319.0,2014,2
2319.0,2016,2
2319.0,2017,3
2319.0,2018,4
2320.0,2015,1
2320.0,2016,2
2320.0,2017,1
2323.0,2014,1
2323.0,2016,1
2326.0,2018,1
2326.0,2020,1
2328.0,2014,2
2328.0,2018,1
2331.0,2015,1
2331.0,2016,1
2331.0,2017,2
2331.0,2018,1
2332.0,2015,1
2333.0,2014,3
2333.0,2015,1
2333.0,2016,2
2333.0,2017,1
2335.0,2016,1
2335.0,2019,1
2335.0,2020,1
2336.0,2014,1
2336.0,2015,2
2336.0,2016,4
2337.0,2014,1
2337.0,2015,3
2337.0,2016,1
2337.0,2017,3
2337.0,2020,1
2339.0,2014,1
2339.0,2015,4
2339.0,2016,1
2339.0,2017,3
2339.0,2018,8
2339.0,2019,3
2340.0,2015,1
2340.0,2016,4
2341.0,2015,1
2342.0,2014,3
2342.0,2016,2
2342.0,2017,4
2342.0,2018,4
2342.0,2020,1
2343.0,2015,1
2343.0,2017,1
2343.0,2018,3
2344.0,2019,1
2345.0,2016,2
2347.0,2015,1
2347.0,2016,1
2349.0,2014,2
2352.0,2015,2
2352.0,2016,2
2352.0,2017,1
2353.0,2015,3
2353.0,2016,4
2353.0,2019,2
2354.0,2016,1
2354.0,2017,1
2356.0,2016,2
2356.0,2020,1
2357.0,2014,3
2357.0,2015,2
2357.0,2017,1
2357.0,2018,1
2358.0,2015,6
2358.0,2016,6
2358.0,2017,2
2359.0,2015,3
2359.0,2016,1
2360.0,2016,1
2361.0,2015,2
2361.0,2016,7
2361.0,2017,4
2361.0,2018,6
2361.0,2019,2
2361.0,2020,1
2362.0,2015,1
2363.0,2015,1
2363.0,2016,1
2365.0,2015,1
2368.0,2019,4
2368.0,2020,1
2369.0,2014,3
2369.0,2015,6
2369.0,2016,8
2369.0,2017,4
2369.0,2018,4
2369.0,2019,3
2369.0,2020,3
2370.0,2014,4
2370.0,2015,3
2370.0,2016,2
2370.0,2017,2
2370.0,2018,7
2370.0,2019,7
2370.0,2020,3
2371.0,2014,14
2371.0,2015,11
2371.0,2016,8
2371.0,2017,8
2371.0,2018,12
2371.0,2019,13
2371.0,2020,11
2377.0,2014,3
2377.0,2016,1
2378.0,2014,8
2378.0,2015,4
2378.0,2016,6
2378.0,2017,12
2378.0,2018,10
2378.0,2019,8
2378.0,2020,2
2379.0,2017,2
2379.0,2020,1
2380.0,2014,1
2380.0,2015,3
2380.0,2016,2
2380.0,2018,4
2380.0,2020,2
2381.0,2014,1
2381.0,2015,1
2381.0,2016,2
2381.0,2017,2
2381.0,2020,2
2382.0,2014,5
2382.0,2016,7
2382.0,2017,3
2383.0,2015,3
2383.0,2016,2
2383.0,2020,1
2384.0,2014,1
2384.0,2015,1
2384.0,2016,3
2384.0,2017,4
2384.0,2018,3
2384.0,2019,2
2384.0,2020,3
2386.0,2016,1
2386.0,2018,3
2386.0,2019,1
2386.0,2020,1
2387.0,2020,1
2388.0,2015,2
2388.0,2016,3
2388.0,2017,3
2388.0,2018,1
2388.0,2019,2
2390.0,2018,2
2390.0,2019,1
2391.0,2020,1
2393.0,2014,1
2394.0,2014,2
2394.0,2015,1
2394.0,2017,1
2394.0,2018,4
2395.0,2014,5
2395.0,2015,2
2395.0,2016,2
2395.0,2017,2
2397.0,2014,2
2397.0,2015,4
2397.0,2016,3
2397.0,2017,2
2397.0,2018,2
2398.0,2014,1
2398.0,2015,1
2398.0,2016,1
2399.0,2014,1
2399.0,2015,1
2399.0,2018,1
2399.0,2019,1
2399.0,2020,1
2400.0,2014,2
2400.0,2015,1
2400.0,2016,6
2400.0,2017,5
2400.0,2018,3
2400.0,2019,8
2400.0,2020,2
2401.0,2016,1
2401.0,2017,1
2401.0,2018,1
2401.0,2019,2
2401.0,2020,2
2403.0,2016,1
2405.0,2014,4
2405.0,2015,1
2405.0,2016,1
2405.0,2017,3
2405.0,2018,1
2406.0,2014,1
2406.0,2020,1
2408.0,2014,1
2409.0,2017,2
2410.0,2014,10
2410.0,2015,8
2410.0,2016,7
2410.0,2017,3
2410.0,2018,2
2412.0,2014,1
2412.0,2015,1
2412.0,2017,1
2412.0,2018,2
2413.0,2015,1
2413.0,2016,1
2413.0,2018,1
2413.0,2020,1
2414.0,2014,2
2416.0,2014,3
2416.0,2016,4
2417.0,2019,1
2417.0,2020,2
2419.0,2014,1
2419.0,2016,2
2419.0,2017,2
2421.0,2016,1
2424.0,2019,2
2425.0,2014,1
2425.0,2015,2
2429.0,2015,1
2430.0,2014,1
2430.0,2015,1
2430.0,2016,2
2430.0,2017,1
2430.0,2018,1
2430.0,2020,3
2431.0,2015,1
2432.0,2015,1
2432.0,2016,2
2434.0,2016,3
2435.0,2015,1
2435.0,2020,1
2437.0,2016,1
2437.0,2017,1
2437.0,2018,1
2437.0,2020,1
2440.0,2017,1
2441.0,2014,1
2441.0,2016,2
2442.0,2014,2
2442.0,2015,6
2442.0,2016,1
2442.0,2017,3
2444.0,2016,1
2444.0,2020,1
2446.0,2016,2
2446.0,2019,1
2447.0,2020,1
2448.0,2014,1
2448.0,2015,1
2452.0,2014,1
2452.0,2017,1
2453.0,2014,1
2453.0,2016,1
2453.0,2017,3
2453.0,2019,3
2453.0,2020,1
2456.0,2018,1
2456.0,2019,1
2456.0,2020,1
2457.0,2016,1
2461.0,2015,1
2462.0,2017,1
2466.0,2014,2
2466.0,2016,5
2466.0,2017,1
2478.0,2016,1
2478.0,2018,2
2478.0,2020,13
2480.0,2014,5
2480.0,2015,1
2480.0,2017,1
2480.0,2018,1
2482.0,2018,2
2482.0,2019,1
2482.0,2020,1
2484.0,2014,3
2484.0,2015,1
2484.0,2016,1
2484.0,2017,1
2484.0,2019,1
2484.0,2020,1
2486.0,2014,1
2487.0,2014,2
2487.0,2015,2
2488.0,2014,1
2488.0,2015,1
2491.0,2014,2
2491.0,2016,1
2491.0,2017,2
2491.0,2018,1
2491.0,2020,1
2495.0,2014,3
2495.0,2015,1
2495.0,2016,2
2495.0,2018,1
2496.0,2018,4
2496.0,2019,2
2496.0,2020,2
2498.0,2014,1
2498.0,2015,4
2498.0,2016,2
2498.0,2018,3
2498.0,2019,1
2499.0,2015,2
2502.0,2014,7
2502.0,2015,3
2502.0,2018,1
2505.0,2014,1
2509.0,2020,1
2511.0,2017,1
2511.0,2019,1
2516.0,2014,1
2517.0,2019,2
2518.0,2016,1
2518.0,2019,1
2518.0,2020,4
2521.0,2017,2
2525.0,2014,1
2525.0,2016,1
2528.0,2017,3
2530.0,2014,1
2535.0,2014,1
2535.0,2015,3
2537.0,2016,3
2537.0,2020,1
2542.0,2014,3
2543.0,2018,4
2543.0,2019,1
2543.0,2020,6
2547.0,2016,2
2547.0,2019,3
2547.0,2020,2
2549.0,2014,1
2549.0,2017,1
2549.0,2018,1
2549.0,2020,8
2558.0,2014,1
2560.0,2016,1
2563.0,2014,3
2566.0,2015,1
2566.0,2017,1
2566.0,2018,2
2566.0,2019,5
2566.0,2020,3
2570.0,2017,1
2571.0,2016,2
2571.0,2017,2
2571.0,2018,2
2571.0,2019,7
2571.0,2020,7
2572.0,2014,1
2572.0,2015,1
2572.0,2016,2
2572.0,2017,1
2573.0,2015,1
2578.0,2020,1
2584.0,2019,1
2586.0,2014,1
2586.0,2018,2
2588.0,2015,1
2589.0,2020,3
2590.0,2014,1
2591.0,2014,5
2591.0,2015,1
2597.0,2020,2
2600.0,2015,1
2600.0,2016,1
2603.0,2016,1
2604.0,2015,1
2609.0,2018,1
2611.0,2020,4
2621.0,2017,1
2630.0,2016,3
2633.0,2016,1
2636.0,2016,2
2638.0,2015,1
2638.0,2016,2
2638.0,2019,1
2642.0,2014,1
2642.0,2018,1
2642.0,2019,2
2644.0,2015,1
2647.0,2016,1
2648.0,2014,2
2648.0,2015,1
2649.0,2014,1
2653.0,2017,1
2655.0,2015,1
2655.0,2017,4
2655.0,2018,5
2655.0,2019,1
2660.0,2015,2
2661.0,2015,2
2661.0,2016,2
2662.0,2015,1
2662.0,2019,1
2662.0,2020,1
2665.0,2016,1
2665.0,2018,1
2666.0,2016,1
2667.0,2014,1
2668.0,2016,2
2668.0,2018,2
2668.0,2019,9
2668.0,2020,2
2674.0,2016,1
2674.0,2017,3
2674.0,2018,1
2674.0,2019,1
2676.0,2017,1
2676.0,2018,1
2676.0,2019,2
2689.0,2015,1
2690.0,2014,1
2690.0,2016,2
2691.0,2017,1
2691.0,2018,1
2691.0,2019,1
2693.0,2017,2
2693.0,2020,2
2703.0,2014,1
2713.0,2018,1
2713.0,2020,1
2782.0,2018,1
2782.0,2019,1
2782.0,2020,1
2815.0,2018,1
2856.0,2016,1
2897.0,2018,1
2897.0,2019,3
2897.0,2020,5
2952.0,2014,1
2999.0,2014,1
3056.0,2016,3
3056.0,2018,2
3059.0,2018,2
3059.0,2019,4
3060.0,2014,1
3061.0,2017,1
3065.0,2018,2
3065.0,2019,8
3065.0,2020,1
3118.0,2018,3
3118.0,2019,1
3186.0,2015,1
3186.0,2016,2
3203.0,2015,1
3203.0,2016,3
3203.0,2017,2
3203.0,2018,1
3203.0,2019,4
3203.0,2020,1
3205.0,2014,1
3206.0,2014,1
3206.0,2016,2
3207.0,2017,2
3207.0,2019,1
3208.0,2015,1
3208.0,2016,5
3208.0,2018,1
3209.0,2015,2
3210.0,2014,4
3210.0,2015,3
3210.0,2016,2
3210.0,2017,2
3210.0,2018,5
3210.0,2019,4
3210.0,2020,12
3211.0,2015,3
3211.0,2016,6
3211.0,2017,2
3211.0,2018,1
3211.0,2019,1
3212.0,2017,1
3213.0,2014,2
3213.0,2015,1
3215.0,2017,2
3216.0,2015,1
3216.0,2018,1
3216.0,2019,1
3218.0,2016,1
3219.0,2014,1
3220.0,2014,1
3220.0,2015,1
3221.0,2017,2
3221.0,2018,1
3221.0,2019,1
3221.0,2020,2
3223.0,2017,4
3223.0,2018,2
3223.0,2019,1
3224.0,2015,1
3225.0,2014,2
3226.0,2015,3
3226.0,2016,1
3226.0,2018,3
3228.0,2014,2
3228.0,2015,1
3228.0,2016,1
3228.0,2017,1
3229.0,2014,1
3229.0,2016,2
3230.0,2014,1
3230.0,2015,1
3230.0,2016,1
3231.0,2015,1
3231.0,2016,2
3237.0,2014,5
3237.0,2015,5
3237.0,2016,2
3237.0,2017,1
3237.0,2018,1
3237.0,2020,4
3239.0,2015,1
3241.0,2015,1
3242.0,2014,5
3242.0,2015,4
3243.0,2014,5
3243.0,2015,2
3243.0,2020,1
3244.0,2014,1
3244.0,2015,3
3244.0,2016,9
3244.0,2017,2
3244.0,2018,1
3244.0,2019,4
3245.0,2014,2
3249.0,2015,1
3254.0,2014,2
3254.0,2016,2
3254.0,2017,1
3255.0,2014,1
3255.0,2015,1
3256.0,2015,1
3256.0,2016,3
3257.0,2015,3
3257.0,2017,3
3258.0,2015,1
3259.0,2015,2
3259.0,2016,3
3260.0,2014,1
3260.0,2016,3
3261.0,2014,6
3261.0,2015,4
3262.0,2016,2
3262.0,2017,6
3263.0,2014,1
3263.0,2015,2
3263.0,2016,1
3264.0,2018,1
3264.0,2019,1
3265.0,2015,1
3265.0,2017,3
3265.0,2018,2
3265.0,2019,4
3265.0,2020,1
3270.0,2015,1
3270.0,2016,1
3271.0,2014,1
3271.0,2019,1
3272.0,2014,2
3272.0,2015,2
3274.0,2014,1
3274.0,2016,1
3275.0,2015,2
3276.0,2014,1
3276.0,2015,5
3276.0,2017,1
3277.0,2014,13
3277.0,2015,6
3277.0,2016,13
3277.0,2017,4
3277.0,2018,1
3277.0,2019,2
3277.0,2020,3
3278.0,2016,2
3278.0,2017,1
3278.0,2020,1
3279.0,2014,1
3279.0,2017,1
3287.0,2014,1
3288.0,2014,1
3288.0,2015,2
3288.0,2016,5
3288.0,2017,1
3288.0,2020,2
3291.0,2014,1
3291.0,2018,1
3291.0,2019,1
3292.0,2014,1
3292.0,2015,2
3292.0,2017,1
3293.0,2014,2
3293.0,2015,1
3293.0,2016,3
3293.0,2018,2
3293.0,2019,3
3293.0,2020,1
3294.0,2014,5
3294.0,2015,2
3294.0,2016,9
3294.0,2017,5
3294.0,2018,6
3294.0,2019,1
3294.0,2020,2
3295.0,2015,1
3296.0,2014,1
3297.0,2014,1
3297.0,2015,1
3297.0,2016,2
3297.0,2017,1
3297.0,2018,2
3297.0,2019,3
3297.0,2020,4
3298.0,2016,1
3298.0,2017,1
3299.0,2017,2
3300.0,2018,1
3300.0,2019,5
3300.0,2020,2
3303.0,2018,1
3304.0,2015,1
3305.0,2014,1
3305.0,2016,3
3305.0,2017,1
3305.0,2020,2
3306.0,2018,2
3308.0,2014,2
3308.0,2015,2
3308.0,2018,1
3309.0,2015,1
3309.0,2016,2
3309.0,2017,3
3309.0,2018,5
3309.0,2019,1
3309.0,2020,1
3310.0,2015,1
3310.0,2016,3
3310.0,2017,3
3310.0,2018,3
3310.0,2019,3
3312.0,2016,6
3312.0,2017,3
3314.0,2020,2
3316.0,2014,1
3316.0,2015,1
3319.0,2014,2
3320.0,2014,1
3321.0,2015,4
3321.0,2016,1
3322.0,2018,1
3322.0,2019,1
3324.0,2014,2
3325.0,2016,1
3325.0,2018,1
3326.0,2015,1
3326.0,2016,2
3328.0,2014,1
3328.0,2015,2
3329.0,2014,2
3329.0,2015,1
3329.0,2016,2
3333.0,2014,1
3333.0,2015,1
3333.0,2016,1
3333.0,2017,3
3333.0,2018,4
3334.0,2015,1
3334.0,2017,2
3337.0,2014,3
3337.0,2015,2
3337.0,2016,1
3337.0,2018,1
3337.0,2019,1
3338.0,2015,2
3338.0,2016,1
3338.0,2017,1
3338.0,2018,2
3338.0,2020,2
3339.0,2018,1
3340.0,2014,1
3340.0,2015,4
3340.0,2017,1
3340.0,2019,1
3342.0,2015,1
3343.0,2014,6
3343.0,2015,5
3343.0,2016,8
3343.0,2019,2
3343.0,2020,1
3344.0,2015,2
3344.0,2018,3
3344.0,2019,1
3345.0,2015,3
3346.0,2015,2
3346.0,2017,4
3346.0,2018,2
3347.0,2015,1
3347.0,2016,1
3347.0,2017,1
3347.0,2019,1
3347.0,2020,4
3348.0,2020,4
3349.0,2015,2
3349.0,2018,1
3349.0,2019,5
3349.0,2020,3
3355.0,2016,1
3356.0,2015,1
3356.0,2018,1
3356.0,2019,2
3357.0,2016,1
3357.0,2017,1
3357.0,2020,2
3358.0,2015,1
3358.0,2016,1
3360.0,2014,1
3361.0,2014,6
3361.0,2015,1
3362.0,2018,1
3362.0,2020,1
3363.0,2017,1
3363.0,2019,4
3366.0,2014,1
3366.0,2015,1
3366.0,2016,1
3366.0,2017,1
3366.0,2020,2
3368.0,2014,3
3370.0,2015,2
3370.0,2016,1
3370.0,2018,1
3371.0,2015,3
3372.0,2017,1
3373.0,2018,2
3373.0,2019,3
3375.0,2015,4
3377.0,2015,2
3378.0,2015,3
3380.0,2015,1
3383.0,2015,1
3386.0,2015,1
3387.0,2014,2
3387.0,2017,2
3387.0,2018,2
3387.0,2019,1
3387.0,2020,1
3388.0,2015,2
3388.0,2017,4
3389.0,2015,1
3389.0,2019,1
3390.0,2017,1
3390.0,2018,1
3391.0,2014,1
3391.0,2015,1
3391.0,2018,1
3393.0,2014,1
3393.0,2019,1
3394.0,2014,2
3394.0,2015,2
3396.0,2014,1
3397.0,2015,1
3397.0,2016,4
3397.0,2017,1
3401.0,2014,2
3403.0,2014,2
3403.0,2016,1
3405.0,2014,1
3406.0,2014,2
3406.0,2016,3
3406.0,2017,4
3406.0,2018,2
3409.0,2014,2
3410.0,2015,1
3410.0,2018,2
3412.0,2017,2
3412.0,2020,2
3417.0,2015,1
3418.0,2015,2
3420.0,2015,7
3420.0,2016,7
3420.0,2017,5
3420.0,2018,2
3420.0,2019,1
3422.0,2014,1
3422.0,2015,1
3422.0,2016,2
3422.0,2017,3
3422.0,2018,7
3422.0,2019,4
3422.0,2020,1
3423.0,2016,1
3423.0,2018,2
3423.0,2019,1
3423.0,2020,6
3424.0,2015,2
3424.0,2016,1
3424.0,2017,1
3424.0,2018,2
3424.0,2019,1
3424.0,2020,1
3425.0,2014,2
3425.0,2015,2
3425.0,2016,5
3425.0,2017,3
3425.0,2020,2
3426.0,2015,1
3428.0,2015,1
3428.0,2020,1
3429.0,2015,1
3429.0,2016,1
3429.0,2017,1
3429.0,2018,1
3429.0,2019,1
3429.0,2020,1
3431.0,2014,1
3431.0,2015,2
3431.0,2017,1
3431.0,2019,2
3431.0,2020,2
3432.0,2015,1
3438.0,2017,1
3440.0,2017,1
3441.0,2015,1
3445.0,2015,1
3445.0,2017,1
3446.0,2019,2
3447.0,2015,2
3449.0,2015,1
3454.0,2015,4
3454.0,2016,1
3455.0,2014,2
3455.0,2015,1
3455.0,2016,4
3455.0,2018,2
3455.0,2020,2
3456.0,2015,3
3456.0,2016,4
3457.0,2014,2
3458.0,2014,1
3458.0,2015,1
3459.0,2015,2
3460.0,2014,4
3461.0,2015,4
3461.0,2016,3
3461.0,2018,1
3461.0,2020,1
3463.0,2019,2
3469.0,2015,2
3470.0,2016,1
3470.0,2017,1
3471.0,2015,1
3471.0,2016,1
3472.0,2014,1
3473.0,2015,1
3473.0,2016,1
3473.0,2017,1
3473.0,2018,2
3474.0,2014,1
3474.0,2015,1
3474.0,2016,1
3474.0,2017,1
3475.0,2015,1
3475.0,2016,1
3475.0,2017,1
3475.0,2018,1
3475.0,2020,1
3476.0,2015,3
3477.0,2014,3
3477.0,2016,6
3477.0,2017,5
3477.0,2018,4
3477.0,2019,3
3477.0,2020,1
3478.0,2014,6
3478.0,2015,2
3479.0,2016,1
3479.0,2020,1
3487.0,2015,1
3487.0,2016,1
3487.0,2017,3
3487.0,2018,3
3487.0,2020,3
3488.0,2015,2
3488.0,2016,1
3488.0,2017,2
3488.0,2018,2
3488.0,2019,2
3488.0,2020,4
3489.0,2015,1
3490.0,2015,6
3490.0,2016,7
3490.0,2017,4
3490.0,2018,3
3490.0,2019,1
3490.0,2020,5
3491.0,2015,3
3491.0,2018,1
3491.0,2019,2
3491.0,2020,3
3492.0,2015,8
3492.0,2016,2
3493.0,2015,2
3493.0,2017,1
3494.0,2015,6
3495.0,2015,1
3495.0,2016,1
3495.0,2018,1
3495.0,2020,2
3497.0,2014,1
3497.0,2015,1
3497.0,2016,1
3498.0,2014,1
3500.0,2015,1
3504.0,2015,1
3504.0,2016,1
3505.0,2014,1
3505.0,2016,1
3506.0,2014,1
3506.0,2015,3
3507.0,2015,2
3507.0,2016,3
3507.0,2017,1
3507.0,2019,3
3509.0,2020,1
3510.0,2015,2
3510.0,2016,1
3511.0,2015,1
3511.0,2016,1
3512.0,2014,1
3512.0,2015,2
3512.0,2016,3
3512.0,2017,4
3513.0,2015,1
3513.0,2016,1
3514.0,2015,1
3515.0,2014,5
3515.0,2015,4
3515.0,2016,1
3515.0,2018,1
3516.0,2016,1
3519.0,2018,1
3523.0,2015,4
3524.0,2014,2
3524.0,2015,1
3524.0,2016,1
3525.0,2016,1
3526.0,2015,2
3526.0,2016,3
3526.0,2017,1
3527.0,2014,3
3527.0,2015,4
3527.0,2016,1
3527.0,2017,1
3530.0,2015,4
3530.0,2016,3
3530.0,2017,4
3530.0,2018,7
3530.0,2019,2
3530.0,2020,3
3532.0,2016,1
3532.0,2017,1
3533.0,2015,1
3538.0,2014,1
3538.0,2015,1
3539.0,2014,1
3539.0,2015,2
3542.0,2015,2
3542.0,2016,1
3542.0,2017,4
3542.0,2018,2
3542.0,2019,2
3542.0,2020,4
3543.0,2014,1
3544.0,2015,1
3546.0,2014,1
3546.0,2015,1
3546.0,2016,2
3548.0,2015,1
3549.0,2014,1
3549.0,2017,1
3549.0,2018,1
3549.0,2019,1
3549.0,2020,2
3552.0,2014,4
3552.0,2016,1
3552.0,2019,1
3553.0,2014,1
3553.0,2015,2
3553.0,2016,2
3553.0,2017,2
3553.0,2018,6
3553.0,2019,5
3553.0,2020,1
3555.0,2014,1
3555.0,2015,1
3556.0,2014,1
3556.0,2015,4
3556.0,2016,2
3556.0,2018,2
3557.0,2015,2
3559.0,2015,3
3560.0,2015,2
3560.0,2016,3
3561.0,2015,1
3561.0,2016,3
3561.0,2017,2
3561.0,2018,1
3561.0,2019,1
3563.0,2016,2
3565.0,2014,1
3565.0,2016,1
3566.0,2014,1
3566.0,2015,1
3567.0,2014,2
3567.0,2015,1
3567.0,2016,1
3567.0,2017,1
3567.0,2018,1
3568.0,2014,2
3568.0,2015,1
3568.0,2017,5
3568.0,2018,2
3568.0,2020,2
3570.0,2014,2
3570.0,2015,7
3570.0,2016,3
3571.0,2015,1
3572.0,2014,1
3574.0,2014,2
3574.0,2015,1
3574.0,2017,2
3574.0,2018,1
3575.0,2014,1
3575.0,2017,1
3577.0,2014,2
3577.0,2015,5
3577.0,2016,4
3577.0,2017,3
3580.0,2018,1
3581.0,2016,2
3581.0,2017,2
3583.0,2015,4
3583.0,2017,1
3585.0,2014,1
3585.0,2015,1
3587.0,2017,1
3590.0,2015,3
3593.0,2015,5
3593.0,2017,2
3598.0,2015,1
3600.0,2015,2
3600.0,2016,1
3600.0,2020,1
3601.0,2015,1
3601.0,2016,1
3601.0,2018,1
3602.0,2015,1
3603.0,2014,3
3603.0,2015,3
3603.0,2016,2
3603.0,2017,1
3606.0,2015,1
3618.0,2015,3
3618.0,2018,1
3620.0,2015,3
3620.0,2016,2
3621.0,2015,1
3621.0,2019,2
3621.0,2020,3
3622.0,2014,1
3626.0,2014,4
3626.0,2016,1
3629.0,2015,2
3629.0,2016,3
3633.0,2015,3
3634.0,2014,2
3634.0,2015,1
3634.0,2016,1
3635.0,2014,2
3635.0,2015,1
3635.0,2016,1
3635.0,2017,2
3635.0,2018,1
3635.0,2019,3
3635.0,2020,1
3638.0,2015,7
3638.0,2018,4
3638.0,2020,2
3643.0,2015,1
3644.0,2015,1
3647.0,2015,1
3652.0,2019,1
3652.0,2020,1
3663.0,2015,1
3666.0,2014,1
3666.0,2015,1
3667.0,2014,3
3667.0,2016,2
3667.0,2017,5
3667.0,2018,4
3667.0,2019,6
3667.0,2020,3
3670.0,2015,2
3670.0,2016,3
3670.0,2017,1
3670.0,2018,2
3670.0,2020,2
3673.0,2014,1
3673.0,2015,1
3673.0,2016,1
3673.0,2018,3
3674.0,2019,2
3674.0,2020,2
3677.0,2016,1
3682.0,2015,1
3682.0,2018,1
3683.0,2020,1
3689.0,2014,1
3689.0,2015,3
3689.0,2016,5
3689.0,2017,1
3689.0,2018,2
3690.0,2018,1
3691.0,2015,2
3691.0,2017,4
3691.0,2018,3
3694.0,2016,1
3694.0,2017,4
3694.0,2019,1
3695.0,2018,1
3695.0,2019,2
3696.0,2017,3
3696.0,2019,2
3696.0,2020,1
3702.0,2016,1
3712.0,2014,1
3712.0,2016,1
3721.0,2018,1
3721.0,2019,1
3721.0,2020,2
3729.0,2020,1
3738.0,2017,3
3738.0,2019,5
3738.0,2020,3
3739.0,2018,1
3739.0,2020,1
3740.0,2017,1
3740.0,2019,2
3743.0,2016,1
3743.0,2019,1
3743.0,2020,1
3746.0,2016,2
3746.0,2017,1
3746.0,2019,2
3746.0,2020,5
3747.0,2016,1
3749.0,2017,4
3749.0,2018,1
3749.0,2019,2
3749.0,2020,2
3750.0,2016,1
3754.0,2016,3
3771.0,2015,1
3772.0,2016,2
3772.0,2018,1
3772.0,2020,1
3781.0,2018,1
3781.0,2019,5
3781.0,2020,4
3786.0,2019,3
3789.0,2018,1
3789.0,2019,1
3795.0,2017,2
3795.0,2019,4
3795.0,2020,1
3799.0,2017,2
3799.0,2018,1
3800.0,2016,6
3800.0,2017,3
3800.0,2018,1
3800.0,2020,2
3802.0,2014,1
3809.0,2016,1
3810.0,2014,3
3814.0,2014,2
3821.0,2018,2
3821.0,2019,1
3821.0,2020,2
3823.0,2014,3
3825.0,2015,1
3825.0,2016,1
3825.0,2017,1
3825.0,2020,1
3830.0,2014,2
3832.0,2017,2
3834.0,2017,1
3834.0,2018,2
3838.0,2014,2
3842.0,2020,1
3847.0,2014,3
3848.0,2014,5
3854.0,2014,1
3860.0,2014,2
3864.0,2014,1
3870.0,2014,1
3871.0,2014,1
3872.0,2017,1
3876.0,2014,1
3885.0,2014,2
3886.0,2014,2
3887.0,2014,1
3887.0,2016,7
3887.0,2017,3
3895.0,2014,1
3895.0,2015,1
3899.0,2017,1
3899.0,2019,1
3909.0,2014,2
3910.0,2014,1
3936.0,2014,2
3936.0,2017,1
3951.0,2018,2
3951.0,2019,2
3965.0,2019,1
3978.0,2019,2
3978.0,2020,1
3979.0,2017,2
3981.0,2014,1
3986.0,2014,1
4005.0,2014,2
4017.0,2014,1
4027.0,2018,3
4034.0,2017,1
4034.0,2018,6
4034.0,2019,2
4034.0,2020,2
4037.0,2016,1
4038.0,2014,2
4042.0,2014,1
4044.0,2014,1
4046.0,2014,7
4046.0,2017,1
4048.0,2014,1
4049.0,2014,1
4050.0,2014,2
4052.0,2018,4
4052.0,2020,1
4054.0,2020,1
4059.0,2017,1
4059.0,2018,1
4060.0,2014,2
4067.0,2017,1
4068.0,2014,1
4068.0,2016,1
4068.0,2018,1
4069.0,2019,1
4070.0,2014,1
4070.0,2017,3
4076.0,2018,2
4076.0,2019,4
4081.0,2014,1
4084.0,2014,2
4084.0,2015,1
4084.0,2017,1
4084.0,2018,2
4084.0,2019,1
4085.0,2014,1
4086.0,2014,2
4091.0,2019,2
4093.0,2014,5
4096.0,2014,2
4103.0,2014,1
4105.0,2014,3
4105.0,2018,5
4105.0,2019,6
4105.0,2020,2
4107.0,2016,1
4107.0,2017,2
4109.0,2014,4
4117.0,2017,2
4119.0,2014,3
4119.0,2016,2
4123.0,2014,1
4125.0,2014,2
4130.0,2014,2
4130.0,2016,2
4130.0,2017,1
4132.0,2014,2
4132.0,2017,3
4133.0,2014,2
4135.0,2014,3
4136.0,2017,3
4136.0,2019,2
4136.0,2020,1
4142.0,2020,1
4145.0,2014,1
4146.0,2020,2
4152.0,2014,2
4157.0,2014,2
4158.0,2015,1
4162.0,2016,1
4175.0,2020,1
4177.0,2020,3
4183.0,2014,1
4183.0,2017,1
4206.0,2015,2
4208.0,2018,2
4208.0,2019,3
4210.0,2014,1
4226.0,2016,1
4226.0,2019,2
4229.0,2019,1
4238.0,2014,1
4242.0,2019,2
4242.0,2020,1
4243.0,2017,2
4243.0,2018,2
4243.0,2019,5
4247.0,2014,1
4247.0,2016,3
4247.0,2017,1
4248.0,2014,1
4248.0,2016,4
4248.0,2017,8
4248.0,2018,6
4248.0,2019,4
4248.0,2020,4
4250.0,2016,1
4250.0,2017,2
4250.0,2020,1
4253.0,2014,1
4258.0,2014,1
4258.0,2019,1
4262.0,2014,1
4264.0,2014,1
4265.0,2014,1
4266.0,2014,1
4268.0,2019,2
4271.0,2016,2
4271.0,2017,3
4271.0,2019,1
4273.0,2014,4
4277.0,2014,1
4280.0,2014,4
4280.0,2017,2
4280.0,2018,1
4280.0,2020,1
4282.0,2014,2
4287.0,2014,2
4287.0,2017,1
4288.0,2014,1
4290.0,2014,1
4291.0,2014,2
4291.0,2017,1
4291.0,2018,3
4291.0,2020,1
4296.0,2014,2
4300.0,2014,2
4304.0,2014,1
4304.0,2016,1
4340.0,2020,2
4345.0,2016,4
4345.0,2017,2
4345.0,2018,1
4346.0,2018,1
4381.0,2020,2
4383.0,2014,2
4386.0,2014,1
4387.0,2014,3
4391.0,2020,1
4396.0,2014,1
4397.0,2014,1
4398.0,2014,1
4402.0,2017,2
4402.0,2018,1
4402.0,2019,2
4403.0,2018,1
4403.0,2019,1
4404.0,2014,1
4408.0,2014,6
4410.0,2014,1
4411.0,2014,1
4413.0,2014,2
4422.0,2014,1
4422.0,2016,2
4422.0,2017,1
4422.0,2018,3
4422.0,2019,2
4422.0,2020,1
4430.0,2014,3
4433.0,2014,1
4434.0,2014,2
4441.0,2014,1
4442.0,2017,1
4456.0,2017,1
4456.0,2018,5
4456.0,2019,7
4456.0,2020,4
4468.0,2019,5
4468.0,2020,1
4471.0,2017,1
4490.0,2020,2
4497.0,2018,5
4536.0,2016,4
4549.0,2020,1
4666.0,2020,1
4670.0,2017,4
4670.0,2018,3
4670.0,2019,1
4670.0,2020,1
4694.0,2014,3
4699.0,2017,2
4699.0,2020,1
4703.0,2017,2
4706.0,2014,1
4708.0,2014,1
4708.0,2016,1
4712.0,2014,1
4718.0,2014,1
4719.0,2014,1
4727.0,2014,3
4729.0,2014,1
4733.0,2014,2
4733.0,2017,1
4733.0,2018,2
4733.0,2019,2
4733.0,2020,1
4734.0,2014,1
4734.0,2016,1
4737.0,2014,2
4738.0,2014,5
4738.0,2017,1
4746.0,2014,2
4746.0,2016,1
4747.0,2014,5
4749.0,2014,1
4751.0,2014,2
4752.0,2014,2
4753.0,2014,2
4756.0,2014,1
4759.0,2014,1
4764.0,2017,1
4765.0,2018,3
4765.0,2019,1
4765.0,2020,1
4766.0,2014,1
4768.0,2014,1
4768.0,2016,1
4768.0,2017,1
4768.0,2018,3
4768.0,2019,8
4770.0,2014,3
4771.0,2014,1
4772.0,2014,1
4773.0,2014,1
4773.0,2017,6
4773.0,2018,5
4773.0,2019,1
4773.0,2020,4
4778.0,2014,2
4784.0,2014,1
4787.0,2014,2
4792.0,2014,1
4801.0,2019,1
4804.0,2017,2
4804.0,2018,1
4805.0,2016,1
4811.0,2018,1
4811.0,2019,1
4818.0,2014,1
4838.0,2014,1
4849.0,2018,1
4851.0,2014,1
4855.0,2017,1
4859.0,2016,2
4866.0,2018,1
4883.0,2020,2
4889.0,2014,1
4895.0,2019,2
4896.0,2020,1
4904.0,2020,1
4907.0,2018,1
4908.0,2017,1
4917.0,2020,1
4918.0,2017,2
4924.0,2016,1
4934.0,2018,1
4937.0,2020,1
4939.0,2018,1
4939.0,2019,1
4939.0,2020,1
4942.0,2018,1
4970.0,2018,1
5036.0,2016,1
5038.0,2016,1
5039.0,2016,1
5043.0,2017,1
5043.0,2018,1
5044.0,2016,3
5044.0,2017,2
5044.0,2018,3
5044.0,2019,1
5045.0,2016,1
5045.0,2017,1
5045.0,2018,2
5046.0,2016,1
5047.0,2018,1
5047.0,2019,1
5050.0,2017,4
5050.0,2018,1
5050.0,2019,2
5050.0,2020,1
5051.0,2016,3
5051.0,2018,2
5060.0,2016,2
5062.0,2020,1
5064.0,2016,1
5064.0,2017,2
5064.0,2018,1
5064.0,2020,2
5065.0,2019,2
5066.0,2017,1
5067.0,2017,4
5068.0,2016,2
5068.0,2017,2
5069.0,2016,2
5073.0,2016,2
5073.0,2017,1
5073.0,2019,2
5073.0,2020,2
5074.0,2016,1
5074.0,2017,3
5074.0,2018,1
5074.0,2019,2
5074.0,2020,1
5076.0,2018,1
5077.0,2016,1
5077.0,2020,1
5080.0,2016,3
5080.0,2017,1
5081.0,2019,4
5085.0,2016,1
5086.0,2018,2
5086.0,2019,3
5090.0,2016,2
5090.0,2020,1
5091.0,2016,1
5091.0,2017,1
5091.0,2018,1
5091.0,2019,1
5091.0,2020,2
5093.0,2016,5
5093.0,2019,8
5093.0,2020,4
5095.0,2016,2
5099.0,2016,1
5102.0,2016,2
5104.0,2016,1
5110.0,2017,3
5111.0,2018,1
5113.0,2016,1
5114.0,2020,1
5115.0,2016,2
5115.0,2017,1
5116.0,2017,3
5116.0,2018,1
5117.0,2016,1
5117.0,2019,1
5117.0,2020,1
5119.0,2016,1
5119.0,2017,1
5119.0,2018,2
5126.0,2017,2
5126.0,2018,1
5128.0,2019,1
5129.0,2016,1
5129.0,2020,1
5133.0,2018,1
5134.0,2018,1
5141.0,2019,1
5145.0,2016,1
5145.0,2018,1
5157.0,2016,1
5164.0,2018,1
5169.0,2018,2
5169.0,2020,2
5173.0,2019,1
5173.0,2020,2
5176.0,2016,1
5176.0,2018,1
5188.0,2017,1
5199.0,2018,1
5212.0,2019,1
5212.0,2020,2
5217.0,2016,1
5219.0,2016,1
5219.0,2018,2
5219.0,2020,1
5220.0,2016,2
5220.0,2017,1
5220.0,2018,5
5220.0,2019,3
5221.0,2017,1
5221.0,2019,2
5221.0,2020,3
5222.0,2020,2
5224.0,2016,1
5224.0,2017,2
5226.0,2016,1
5226.0,2017,2
5228.0,2019,1
5230.0,2016,1
5230.0,2017,2
5230.0,2018,1
5230.0,2020,1
5231.0,2016,1
5231.0,2017,1
5231.0,2019,5
5232.0,2019,1
5232.0,2020,3
5234.0,2016,1
5234.0,2018,1
5235.0,2020,2
5238.0,2016,1
5238.0,2017,1
5238.0,2018,2
5238.0,2019,1
5239.0,2017,1
5240.0,2018,1
5240.0,2020,4
5242.0,2019,2
5243.0,2017,3
5243.0,2020,1
5244.0,2016,2
5245.0,2017,4
5245.0,2018,1
5247.0,2016,2
5247.0,2017,2
5247.0,2018,1
5248.0,2016,1
5248.0,2017,2
5248.0,2019,2
5248.0,2020,5
5249.0,2016,8
5249.0,2017,3
5249.0,2018,4
5249.0,2019,2
5249.0,2020,3
5250.0,2016,2
5250.0,2018,1
5250.0,2019,3
5250.0,2020,1
5251.0,2017,1
5251.0,2018,1
5251.0,2020,1
5254.0,2017,1
5254.0,2018,3
5254.0,2019,1
5254.0,2020,3
5257.0,2016,4
5257.0,2017,3
5257.0,2018,3
5257.0,2019,1
5257.0,2020,4
5258.0,2019,3
5258.0,2020,2
5261.0,2017,2
5261.0,2018,1
5261.0,2019,1
5262.0,2018,1
5263.0,2016,1
5264.0,2017,1
5264.0,2019,2
5264.0,2020,1
5266.0,2016,4
5266.0,2018,5
5266.0,2019,5
5266.0,2020,8
5273.0,2016,5
5273.0,2017,2
5273.0,2018,4
5273.0,2019,4
5273.0,2020,1
5282.0,2016,1
5287.0,2016,1
5291.0,2018,1
5292.0,2017,1
5292.0,2018,1
5292.0,2019,1
5292.0,2020,2
5294.0,2017,1
5302.0,2016,2
5302.0,2017,5
5304.0,2017,2
5304.0,2018,1
5304.0,2019,2
5304.0,2020,1
5305.0,2018,1
5310.0,2016,1
5322.0,2019,3
5322.0,2020,2
5327.0,2016,1
5340.0,2019,1
5352.0,2016,1
5353.0,2020,1
5356.0,2018,1
5356.0,2019,3
5358.0,2018,1
5358.0,2019,3
5358.0,2020,1
5360.0,2018,1
5360.0,2019,2
5360.0,2020,3
5361.0,2018,1
5509.0,2019,2
5509.0,2020,3
5543.0,2016,2
5543.0,2018,2
5543.0,2019,1
5545.0,2016,2
5545.0,2019,1
5545.0,2020,1
5549.0,2016,2
5549.0,2017,8
5549.0,2018,12
5549.0,2019,3
5549.0,2020,1
5553.0,2018,2
5553.0,2019,1
5553.0,2020,2
5554.0,2017,1
5555.0,2017,2
5555.0,2019,4
5555.0,2020,6
5556.0,2017,1
5556.0,2020,2
5560.0,2019,1
5560.0,2020,1
5587.0,2020,2
5596.0,2019,1
5607.0,2017,2
5608.0,2016,1
5608.0,2017,3
5608.0,2018,3
5609.0,2019,1
5611.0,2018,1
5611.0,2019,1
5611.0,2020,1
5612.0,2017,2
5612.0,2019,2
5612.0,2020,5
5613.0,2014,1
5613.0,2018,1
5613.0,2019,2
5613.0,2020,2
5616.0,2016,2
5617.0,2016,3
5617.0,2017,1
5618.0,2016,1
5618.0,2017,1
5618.0,2018,1
5619.0,2016,2
5619.0,2017,2
5619.0,2018,1
5619.0,2019,1
5619.0,2020,2
5620.0,2017,1
5620.0,2019,1
5621.0,2016,1
5621.0,2020,1
5622.0,2016,5
5622.0,2017,3
5622.0,2018,3
5622.0,2019,1
5623.0,2016,2
5623.0,2018,2
5623.0,2019,1
5623.0,2020,1
5624.0,2019,3
5624.0,2020,3
5625.0,2017,2
5629.0,2016,1
5631.0,2016,1
5635.0,2016,2
5637.0,2016,1
5642.0,2018,2
5647.0,2016,1
5647.0,2019,1
5648.0,2016,2
5648.0,2018,1
5648.0,2019,1
5650.0,2019,1
5655.0,2016,1
5655.0,2017,1
5655.0,2018,3
5656.0,2017,2
5656.0,2018,11
5656.0,2019,2
5656.0,2020,1
5657.0,2016,1
5657.0,2017,7
5657.0,2018,2
5657.0,2019,1
5657.0,2020,2
5659.0,2018,1
5659.0,2020,2
5661.0,2018,1
5661.0,2019,2
5661.0,2020,1
5666.0,2016,1
5666.0,2017,1
5666.0,2018,2
5666.0,2020,1
5667.0,2016,1
5672.0,2016,1
5673.0,2016,4
5673.0,2017,1
5674.0,2016,2
5675.0,2018,1
5675.0,2019,1
5676.0,2016,2
5677.0,2016,1
5677.0,2017,2
5677.0,2018,1
5677.0,2019,1
5677.0,2020,3
5680.0,2020,1
5681.0,2017,2
5681.0,2018,3
5682.0,2018,3
5682.0,2019,4
5682.0,2020,2
5684.0,2018,1
5684.0,2020,1
5686.0,2019,1
5687.0,2017,2
5687.0,2018,1
5692.0,2019,1
5693.0,2016,1
5695.0,2016,2
5697.0,2016,1
5701.0,2016,5
5701.0,2017,5
5704.0,2017,2
5704.0,2020,1
5705.0,2017,3
5705.0,2018,4
5706.0,2018,4
5706.0,2019,2
5706.0,2020,2
5712.0,2016,1
5712.0,2018,2
5712.0,2019,2
5712.0,2020,1
5713.0,2016,2
5713.0,2017,2
5713.0,2018,1
5715.0,2016,1
5717.0,2017,1
5717.0,2019,2
5717.0,2020,1
5718.0,2016,1
5718.0,2018,1
5718.0,2019,1
5722.0,2017,1
5722.0,2018,3
5723.0,2016,1
5724.0,2020,1
5725.0,2016,2
5730.0,2016,2
5731.0,2017,2
5731.0,2018,2
5731.0,2020,1
5733.0,2017,1
5733.0,2020,2
5735.0,2018,2
5735.0,2019,2
5735.0,2020,1
5737.0,2017,1
5737.0,2020,1
5740.0,2016,1
5740.0,2017,1
5741.0,2015,3
5741.0,2016,2
5741.0,2017,1
5752.0,2019,1
5752.0,2020,1
5757.0,2017,1
5757.0,2019,1
5757.0,2020,4
5762.0,2020,3
5767.0,2017,1
5769.0,2019,4
5769.0,2020,2
5786.0,2020,5
5787.0,2019,1
5787.0,2020,2
5789.0,2018,1
5789.0,2019,2
5800.0,2017,1
5800.0,2018,3
5956.0,2018,2
5956.0,2020,3
5959.0,2017,1
5960.0,2018,1
5962.0,2019,1
5962.0,2020,1
5963.0,2018,1
5964.0,2017,1
5967.0,2017,1
5973.0,2017,1
5975.0,2017,3
5975.0,2018,5
5975.0,2019,3
5975.0,2020,3
5977.0,2017,1
5977.0,2018,2
5978.0,2017,5
5978.0,2018,2
5978.0,2019,2
5978.0,2020,5
5980.0,2018,2
5980.0,2019,1
5980.0,2020,1
5981.0,2018,1
5988.0,2017,2
5988.0,2019,2
5988.0,2020,2
5989.0,2018,1
5989.0,2019,1
5989.0,2020,3
5990.0,2018,5
5991.0,2017,1
5992.0,2017,1
5992.0,2018,6
5992.0,2019,2
5992.0,2020,4
5993.0,2017,1
5993.0,2018,3
5998.0,2019,2
6007.0,2017,1
6007.0,2018,1
6008.0,2017,1
6010.0,2017,1
6011.0,2017,2
6011.0,2018,2
6011.0,2019,1
6012.0,2017,1
6012.0,2018,1
6017.0,2017,1
6019.0,2017,3
6019.0,2019,1
6019.0,2020,2
6021.0,2018,1
6026.0,2017,1
6026.0,2018,3
6026.0,2019,2
6026.0,2020,3
6030.0,2017,1
6030.0,2018,2
6030.0,2019,1
6031.0,2017,1
6033.0,2017,2
6033.0,2018,2
6034.0,2018,1
6034.0,2019,1
6036.0,2017,1
6038.0,2017,1
6042.0,2017,1
6042.0,2019,2
6042.0,2020,2
6045.0,2019,2
6047.0,2017,1
6047.0,2018,5
6047.0,2019,1
6048.0,2017,2
6048.0,2018,2
6048.0,2019,3
6048.0,2020,5
6049.0,2018,3
6051.0,2017,1
6051.0,2018,1
6055.0,2019,1
6055.0,2020,1
6058.0,2018,1
6058.0,2019,2
6060.0,2018,1
6061.0,2019,1
6062.0,2019,1
6067.0,2018,1
6070.0,2017,1
6073.0,2018,3
6073.0,2019,2
6073.0,2020,5
6080.0,2018,2
6080.0,2019,1
6080.0,2020,1
6081.0,2018,1
6081.0,2019,2
6081.0,2020,1
6083.0,2017,1
6083.0,2018,1
6083.0,2020,3
6084.0,2018,1
6085.0,2018,1
6090.0,2017,4
6090.0,2019,1
6092.0,2017,1
6096.0,2018,2
6098.0,2017,5
6098.0,2018,1
6098.0,2019,2
6098.0,2020,4
6100.0,2017,1
6100.0,2020,1
6103.0,2017,1
6103.0,2018,2
6103.0,2019,1
6104.0,2018,2
6108.0,2019,2
6112.0,2018,1
6112.0,2019,1
6112.0,2020,2
6114.0,2017,1
6114.0,2018,1
6115.0,2017,3
6116.0,2017,4
6116.0,2018,4
6118.0,2017,3
6118.0,2018,2
6118.0,2020,1
6120.0,2020,1
6121.0,2017,8
6122.0,2019,1
6124.0,2017,5
6124.0,2018,3
6124.0,2019,2
6128.0,2018,2
6130.0,2018,1
6133.0,2017,2
6135.0,2017,1
6136.0,2017,1
6136.0,2018,3
6136.0,2020,1
6142.0,2017,2
6143.0,2017,1
6143.0,2019,1
6144.0,2017,5
6144.0,2018,9
6144.0,2019,1
6145.0,2019,1
6145.0,2020,3
6147.0,2018,1
6148.0,2017,1
6149.0,2017,1
6149.0,2020,1
6150.0,2019,1
6151.0,2017,1
6152.0,2017,1
6155.0,2019,1
6155.0,2020,1
6156.0,2019,2
6157.0,2019,1
6159.0,2017,1
6159.0,2018,4
6159.0,2019,1
6159.0,2020,4
6160.0,2018,3
6160.0,2019,2
6160.0,2020,4
6162.0,2017,1
6162.0,2018,1
6163.0,2020,1
6164.0,2017,3
6168.0,2018,2
6168.0,2019,2
6170.0,2017,1
6170.0,2018,1
6170.0,2019,2
6170.0,2020,10
6171.0,2017,1
6174.0,2018,1
6174.0,2019,5
6174.0,2020,2
6177.0,2018,2
6177.0,2019,1
6179.0,2017,1
6179.0,2018,3
6182.0,2017,1
6182.0,2018,2
6182.0,2020,1
6187.0,2017,7
6187.0,2018,1
6190.0,2017,1
6190.0,2018,2
6192.0,2019,3
6193.0,2017,1
6196.0,2017,4
6196.0,2020,6
6199.0,2018,1
6201.0,2017,1
6203.0,2019,1
6206.0,2017,1
6206.0,2018,1
6206.0,2020,1
6208.0,2017,1
6208.0,2020,2
6212.0,2019,4
6215.0,2017,1
6215.0,2018,1
6215.0,2019,1
6216.0,2018,1
6217.0,2018,1
6217.0,2020,2
6219.0,2017,3
6219.0,2018,3
6219.0,2019,2
6219.0,2020,1
6221.0,2019,2
6221.0,2020,2
6224.0,2020,1
6225.0,2019,1
6225.0,2020,1
6227.0,2018,4
6227.0,2020,1
6228.0,2017,3
6228.0,2018,4
6231.0,2017,1
6231.0,2018,1
6232.0,2018,2
6232.0,2019,1
6232.0,2020,2
6233.0,2019,1
6235.0,2018,1
6238.0,2019,1
6239.0,2018,1
6239.0,2020,2
6242.0,2017,1
6243.0,2018,1
6249.0,2018,2
6252.0,2018,1
6253.0,2020,3
6264.0,2017,3
6264.0,2018,3
6264.0,2019,2
6271.0,2017,2
6271.0,2018,1
6271.0,2020,1
6272.0,2017,2
6273.0,2017,3
6273.0,2019,1
6274.0,2017,1
6280.0,2019,1
6282.0,2019,1
6285.0,2017,1
6289.0,2019,1
6293.0,2020,1
6295.0,2017,1
6296.0,2019,2
6306.0,2018,1
6307.0,2017,1
6310.0,2018,1
6312.0,2018,1
6314.0,2020,2
6316.0,2017,2
6324.0,2019,1
6324.0,2020,1
6326.0,2018,1
6326.0,2020,1
6327.0,2020,1
6338.0,2017,1
6338.0,2018,1
6338.0,2019,2
6338.0,2020,4
6345.0,2018,2
6345.0,2019,4
6345.0,2020,2
6352.0,2017,2
6352.0,2018,5
6353.0,2017,1
6355.0,2017,1
6357.0,2018,2
6382.0,2019,1
6382.0,2020,2
6401.0,2020,8
6407.0,2020,2
6408.0,2017,2
6409.0,2018,1
6420.0,2020,5
6421.0,2020,2
6427.0,2020,1
6433.0,2017,2
6433.0,2020,3
6436.0,2019,1
6441.0,2020,1
6445.0,2019,1
6452.0,2020,3
6456.0,2019,1
6464.0,2019,2
6464.0,2020,1
6475.0,2017,1
6475.0,2018,1
6475.0,2019,2
6475.0,2020,1
6477.0,2018,1
6477.0,2019,1
6478.0,2017,2
6482.0,2020,1
6484.0,2020,2
6485.0,2018,1
6490.0,2018,1
6490.0,2020,2
6492.0,2018,1
6495.0,2014,9
6495.0,2015,5
6495.0,2016,4
6495.0,2017,1
6495.0,2018,1
6495.0,2019,1
6495.0,2020,1
6496.0,2020,1
6502.0,2014,1
6504.0,2019,1
6512.0,2017,1
6512.0,2019,1
6512.0,2020,3
6517.0,2017,1
6517.0,2018,1
6517.0,2020,1
6518.0,2017,2
6521.0,2018,1
6521.0,2019,3
6521.0,2020,2
6522.0,2020,1
6523.0,2018,1
6523.0,2019,2
6523.0,2020,1
6528.0,2019,1
6531.0,2020,2
6536.0,2017,1
6542.0,2018,1
6542.0,2019,1
6546.0,2020,1
6560.0,2020,3
6567.0,2018,3
6570.0,2018,3
6570.0,2019,3
6578.0,2019,2
6615.0,2020,2
6630.0,2019,1
6630.0,2020,1
6637.0,2019,1
6657.0,2017,1
6674.0,2020,1
6681.0,2019,1
6681.0,2020,2
6686.0,2018,1
6691.0,2019,1
6712.0,2018,1
6750.0,2020,1
6756.0,2018,2
6756.0,2020,3
6762.0,2019,1
6762.0,2020,2
6806.0,2019,1
6806.0,2020,1
6816.0,2018,1
6816.0,2020,1
6818.0,2018,3
6818.0,2019,2
6820.0,2018,1
6823.0,2018,4
6824.0,2018,1
6826.0,2018,1
6827.0,2018,1
6827.0,2020,1
6828.0,2018,1
6830.0,2018,1
6835.0,2018,1
6837.0,2018,1
6842.0,2019,1
6850.0,2018,3
6850.0,2020,2
6851.0,2020,1
6852.0,2018,2
6853.0,2018,2
6853.0,2019,2
6853.0,2020,4
6854.0,2018,1
6854.0,2019,1
6854.0,2020,1
6859.0,2019,1
6859.0,2020,1
6861.0,2018,2
6862.0,2018,1
6863.0,2018,14
6863.0,2019,4
6863.0,2020,5
6864.0,2018,4
6864.0,2019,3
6864.0,2020,7
6867.0,2018,1
6869.0,2018,4
6869.0,2019,1
6870.0,2018,2
6872.0,2020,1
6876.0,2018,1
6876.0,2020,2
6882.0,2020,1
6883.0,2018,1
6883.0,2019,1
6884.0,2018,1
6884.0,2020,2
6885.0,2019,1
6885.0,2020,3
6888.0,2020,1
6892.0,2018,1
6892.0,2019,1
6892.0,2020,1
6893.0,2020,2
6897.0,2018,1
6898.0,2018,1
6902.0,2019,2
6902.0,2020,2
6904.0,2018,2
6905.0,2018,1
6905.0,2019,2
6905.0,2020,5
6908.0,2018,1
6915.0,2019,2
6916.0,2018,1
6921.0,2018,1
6921.0,2020,3
6923.0,2019,2
6926.0,2018,1
6930.0,2018,3
6930.0,2019,3
6931.0,2018,1
6932.0,2018,2
6935.0,2018,3
6935.0,2019,1
6935.0,2020,4
6945.0,2018,1
6945.0,2020,1
6947.0,2020,1
6949.0,2018,1
6949.0,2019,1
6950.0,2018,5
6950.0,2020,1
6951.0,2018,1
6953.0,2018,1
6953.0,2019,2
6953.0,2020,2
6954.0,2018,2
6955.0,2018,3
6956.0,2018,3
6956.0,2020,2
6960.0,2019,3
6960.0,2020,5
6972.0,2018,3
6972.0,2019,1
6973.0,2019,1
6973.0,2020,1
6974.0,2018,1
6974.0,2020,6
6978.0,2018,2
6978.0,2019,3
6978.0,2020,1
6980.0,2018,6
6980.0,2019,5
6980.0,2020,5
6981.0,2018,1
6986.0,2020,2
6987.0,2018,1
6989.0,2019,1
6998.0,2018,1
7002.0,2019,1
7006.0,2018,1
7006.0,2019,6
7006.0,2020,2
7007.0,2019,2
7007.0,2020,2
7008.0,2020,1
7009.0,2018,5
7009.0,2019,5
7009.0,2020,1
7013.0,2018,1
7013.0,2019,1
7015.0,2018,5
7019.0,2018,2
7024.0,2019,1
7031.0,2018,2
7032.0,2018,1
7033.0,2018,1
7035.0,2018,3
7038.0,2018,2
7043.0,2018,1
7043.0,2019,1
7044.0,2018,1
7044.0,2020,2
7049.0,2018,1
7049.0,2019,1
7049.0,2020,4
7051.0,2019,2
7051.0,2020,1
7052.0,2018,6
7052.0,2019,5
7052.0,2020,4
7058.0,2018,1
7058.0,2019,1
7059.0,2019,1
7060.0,2018,1
7060.0,2019,6
7063.0,2018,2
7065.0,2020,2
7069.0,2018,3
7074.0,2020,3
7075.0,2020,4
7079.0,2018,1
7080.0,2019,1
7080.0,2020,3
7082.0,2018,1
7084.0,2019,1
7084.0,2020,11
7090.0,2018,3
7090.0,2019,5
7091.0,2018,1
7091.0,2019,1
7092.0,2020,1
7096.0,2020,2
7101.0,2020,1
7104.0,2018,2
7106.0,2020,1
7107.0,2018,1
7107.0,2020,1
7109.0,2019,1
7119.0,2019,1
7142.0,2018,1
7142.0,2019,6
7145.0,2018,1
7152.0,2018,1
7152.0,2019,1
7153.0,2018,1
7153.0,2020,6
7169.0,2020,2
7178.0,2020,2
7193.0,2018,3
7193.0,2019,1
7193.0,2020,1
7195.0,2020,1
7199.0,2018,1
7207.0,2018,1
7218.0,2018,2
7218.0,2019,1
7218.0,2020,2
7219.0,2018,1
7223.0,2018,1
7224.0,2018,1
7224.0,2019,1
7224.0,2020,5
7227.0,2018,2
7227.0,2019,2
7233.0,2018,1
7233.0,2019,2
7233.0,2020,1
7236.0,2019,3
7240.0,2018,1
7240.0,2020,2
7245.0,2019,1
7268.0,2018,1
7268.0,2019,2
7276.0,2018,1
7276.0,2019,1
7276.0,2020,1
7278.0,2020,6
7289.0,2018,1
7289.0,2020,1
7295.0,2019,1
7295.0,2020,1
7308.0,2020,1
7313.0,2020,1
7316.0,2020,2
7320.0,2020,1
7338.0,2020,1
7349.0,2018,1
7349.0,2019,1
7350.0,2020,1
7359.0,2020,1
7365.0,2019,1
7365.0,2020,1
7376.0,2018,4
7376.0,2019,4
7384.0,2018,1
7384.0,2019,1
7390.0,2018,1
7395.0,2018,1
7397.0,2018,2
7397.0,2020,4
7398.0,2019,1
7411.0,2020,1
7416.0,2018,2
7416.0,2019,2
7416.0,2020,1
7422.0,2019,2
7422.0,2020,2
7430.0,2019,1
7430.0,2020,3
7484.0,2019,1
7484.0,2020,1
7485.0,2020,1
7486.0,2020,2
7490.0,2020,1
7511.0,2020,1
7514.0,2019,1
7514.0,2020,1
7525.0,2020,1
7551.0,2020,1
7557.0,2019,4
7570.0,2019,1
7570.0,2020,1
7589.0,2019,1
7609.0,2019,1
7609.0,2020,1
7614.0,2020,1
7689.0,2020,1
7693.0,2019,1
7696.0,2019,3
7698.0,2019,1
7698.0,2020,1
7699.0,2019,4
7699.0,2020,1
7700.0,2020,4
7703.0,2019,2
7705.0,2019,1
7707.0,2019,1
7708.0,2020,1
7709.0,2020,1
7710.0,2019,2
7711.0,2020,2
7712.0,2019,3
7712.0,2020,2
7716.0,2019,1
7716.0,2020,1
7719.0,2020,1
7721.0,2019,3
7721.0,2020,1
7722.0,2019,4
7722.0,2020,1
7723.0,2019,1
7723.0,2020,1
7726.0,2019,3
7726.0,2020,2
7730.0,2019,1
7730.0,2020,1
7731.0,2019,1
7733.0,2019,1
7736.0,2020,3
7743.0,2020,1
7745.0,2019,1
7746.0,2019,3
7746.0,2020,4
7747.0,2019,1
7747.0,2020,1
7750.0,2020,4
7755.0,2020,1
7756.0,2019,3
7760.0,2019,1
7760.0,2020,1
7762.0,2020,1
7767.0,2019,2
7767.0,2020,1
7768.0,2019,4
7768.0,2020,5
7773.0,2020,1
7779.0,2019,1
7784.0,2019,1
7785.0,2019,1
7786.0,2019,2
7786.0,2020,1
7787.0,2019,1
7789.0,2019,2
7789.0,2020,2
7791.0,2019,6
7794.0,2019,1
7795.0,2019,3
7796.0,2019,1
7802.0,2019,1
7810.0,2019,2
7810.0,2020,1
7813.0,2019,2
7814.0,2020,1
7824.0,2019,1
7829.0,2020,1
7831.0,2019,1
7831.0,2020,4
7834.0,2020,1
7839.0,2019,1
7841.0,2019,1
7843.0,2019,3
7856.0,2019,3
7858.0,2019,1
7860.0,2019,2
7860.0,2020,1
7861.0,2019,2
7861.0,2020,3
7863.0,2019,1
7863.0,2020,1
7867.0,2019,1
7870.0,2020,1
7871.0,2019,1
7875.0,2019,8
7875.0,2020,5
7879.0,2019,2
7880.0,2019,8
7880.0,2020,1
7881.0,2019,2
7882.0,2019,1
7883.0,2019,2
7883.0,2020,2
7885.0,2019,1
7886.0,2019,1
7887.0,2019,1
7887.0,2020,1
7891.0,2019,1
7892.0,2019,1
7892.0,2020,3
7893.0,2019,1
7893.0,2020,1
7894.0,2020,1
7896.0,2019,1
7902.0,2019,3
7902.0,2020,2
7909.0,2019,1
7909.0,2020,1
7912.0,2019,1
7921.0,2015,1
7921.0,2016,1
7921.0,2018,1
7921.0,2019,1
7923.0,2019,1
7924.0,2020,1
7927.0,2019,1
7931.0,2020,1
7932.0,2019,1
7935.0,2019,1
7936.0,2019,1
7937.0,2019,1
7937.0,2020,2
7938.0,2020,1
7939.0,2019,1
7939.0,2020,2
7947.0,2019,2
7947.0,2020,3
7953.0,2019,1
7956.0,2019,1
7957.0,2019,1
7958.0,2019,5
7961.0,2019,3
7968.0,2019,1
7969.0,2019,1
7970.0,2019,1
7971.0,2019,1
7973.0,2019,10
7980.0,2020,3
7981.0,2019,2
7986.0,2019,1
7990.0,2019,1
7993.0,2019,5
7994.0,2019,1
7996.0,2019,1
7999.0,2019,1
7999.0,2020,1
8025.0,2019,1
8025.0,2020,2
8026.0,2019,2
8026.0,2020,3
8029.0,2019,2
8030.0,2020,1
8034.0,2020,1
8035.0,2019,1
8049.0,2020,1
8056.0,2020,1
8059.0,2019,1
8067.0,2020,1
8071.0,2019,1
8078.0,2019,2
8091.0,2020,1
8105.0,2019,1
8107.0,2020,1
8110.0,2017,1
8131.0,2019,1
8135.0,2019,1
8135.0,2020,4
8140.0,2019,1
8180.0,2020,1
8191.0,2020,1
8228.0,2020,2
8244.0,2020,2
8249.0,2020,2
8252.0,2020,1
8260.0,2019,1
8260.0,2020,2
8267.0,2019,1
8272.0,2014,1
8272.0,2018,1
8285.0,2020,2
8288.0,2019,2
8288.0,2020,4
8289.0,2020,1
8291.0,2020,2
8292.0,2019,2
8292.0,2020,2
8294.0,2019,2
8294.0,2020,1
8300.0,2019,1
8303.0,2019,2
8313.0,2020,2
8327.0,2020,1
8334.0,2020,1
8378.0,2020,1
8387.0,2019,1
8397.0,2020,1
8398.0,2020,1
8418.0,2020,1
8421.0,2017,1
8421.0,2018,1
8421.0,2019,2
8421.0,2020,6
8481.0,2020,1
8636.0,2020,1
8637.0,2020,5
8646.0,2020,1
8651.0,2020,4
8653.0,2020,3
8663.0,2020,1
8664.0,2020,2
8666.0,2020,1
8668.0,2020,4
8669.0,2020,3
8677.0,2020,2
8687.0,2020,1
8697.0,2020,3
8702.0,2020,2
8706.0,2020,2
8710.0,2020,1
8717.0,2020,1
8718.0,2020,1
8720.0,2020,3
8722.0,2020,1
8727.0,2020,1
8732.0,2020,1
8750.0,2020,1
8778.0,2020,2
8792.0,2020,1
8803.0,2020,1
8807.0,2020,3
8808.0,2020,4
8812.0,2020,6
8816.0,2020,1
8837.0,2020,2
8838.0,2020,3
8853.0,2020,1
8856.0,2020,4
8859.0,2020,2
8865.0,2020,3
8884.0,2020,1
8891.0,2020,1
8892.0,2020,1
8895.0,2020,3
8912.0,2020,1
8913.0,2020,1
8916.0,2020,3
8922.0,2020,2
8939.0,2020,1
8944.0,2020,1
8961.0,2020,1
8963.0,2020,1
8978.0,2015,1
8978.0,2020,1
8982.0,2020,1
8992.0,2020,2
8997.0,2020,2
9011.0,2020,1
9018.0,2020,7
9019.0,2020,1
9021.0,2020,1
9022.0,2020,1
9040.0,2020,2
9060.0,2020,2
9065.0,2020,2
9090.0,2020,1
9104.0,2020,2
9128.0,2020,1
9163.0,2020,1
9182.0,2020,2
9351.0,2020,1
9378.0,2020,1
